source_id,source_type,target_id,target_type,relationship
C0077,customer,A0077,account,OWNS
C0077,customer,D0077,device,USES
C0077,customer,10.78.140.2,ip,CONNECTS_FROM
C0077,customer,M0043,merchant,PAYS
A0077,account,T000000,transaction,HAS_TRANSACTION
C0121,customer,A0121,account,OWNS
C0121,customer,D0121,device,USES
C0121,customer,10.122.48.174,ip,CONNECTS_FROM
C0121,customer,M0035,merchant,PAYS
A0121,account,T000001,transaction,HAS_TRANSACTION
C0109,customer,A0109,account,OWNS
C0109,customer,D0492,device,USES
C0109,customer,10.110.164.18,ip,CONNECTS_FROM
C0109,customer,M0004,merchant,PAYS
A0109,account,T000002,transaction,HAS_TRANSACTION
C0055,customer,A0055,account,OWNS
C0055,customer,D0055,device,USES
C0055,customer,10.56.186.116,ip,CONNECTS_FROM
C0055,customer,M0045,merchant,PAYS
A0055,account,T000003,transaction,HAS_TRANSACTION
C0096,customer,A0096,account,OWNS
C0096,customer,D0096,device,USES
C0096,customer,10.97.73.49,ip,CONNECTS_FROM
C0096,customer,M0049,merchant,PAYS
A0096,account,T000004,transaction,HAS_TRANSACTION
C0032,customer,A0032,account,OWNS
C0032,customer,D0032,device,USES
C0032,customer,10.33.25.17,ip,CONNECTS_FROM
C0032,customer,M0033,merchant,PAYS
A0032,account,T000005,transaction,HAS_TRANSACTION
C0112,customer,A0112,account,OWNS
C0112,customer,D0112,device,USES
C0112,customer,10.113.185.57,ip,CONNECTS_FROM
C0112,customer,M0016,merchant,PAYS
A0112,account,T000006,transaction,HAS_TRANSACTION
C0042,customer,A0042,account,OWNS
C0042,customer,D0319,device,USES
C0042,customer,10.43.95.147,ip,CONNECTS_FROM
C0042,customer,M0029,merchant,PAYS
A0042,account,T000007,transaction,HAS_TRANSACTION
C0007,customer,A0007,account,OWNS
C0007,customer,D0007,device,USES
C0007,customer,10.8.50.92,ip,CONNECTS_FROM
C0007,customer,M0005,merchant,PAYS
A0007,account,T000008,transaction,HAS_TRANSACTION
C0120,customer,A0120,account,OWNS
C0120,customer,D0120,device,USES
C0120,customer,10.162.245.191,ip,CONNECTS_FROM
C0120,customer,M0027,merchant,PAYS
A0120,account,T000009,transaction,HAS_TRANSACTION
C0001,customer,A0001,account,OWNS
C0001,customer,D0111,device,USES
C0001,customer,10.112.178.44,ip,CONNECTS_FROM
C0001,customer,M0049,merchant,PAYS
A0001,account,T000010,transaction,HAS_TRANSACTION
C0001,customer,D0040,device,USES
C0001,customer,10.41.81.121,ip,CONNECTS_FROM
C0001,customer,M0043,merchant,PAYS
A0001,account,T000011,transaction,HAS_TRANSACTION
C0001,customer,D0084,device,USES
C0001,customer,10.85.189.93,ip,CONNECTS_FROM
C0001,customer,M0009,merchant,PAYS
A0001,account,T000012,transaction,HAS_TRANSACTION
C0001,customer,D0216,device,USES
C0001,customer,10.117.13.109,ip,CONNECTS_FROM
C0001,customer,M0016,merchant,PAYS
A0001,account,T000013,transaction,HAS_TRANSACTION
C0001,customer,D0098,device,USES
C0001,customer,10.99.87.75,ip,CONNECTS_FROM
C0001,customer,M0017,merchant,PAYS
A0001,account,T000014,transaction,HAS_TRANSACTION
C0001,customer,D0037,device,USES
C0001,customer,10.38.60.82,ip,CONNECTS_FROM
C0001,customer,M0047,merchant,PAYS
A0001,account,T000015,transaction,HAS_TRANSACTION
C0001,customer,D0041,device,USES
C0001,customer,10.42.88.134,ip,CONNECTS_FROM
A0001,account,T000016,transaction,HAS_TRANSACTION
C0001,customer,D0028,device,USES
C0001,customer,10.29.197.165,ip,CONNECTS_FROM
C0001,customer,M0039,merchant,PAYS
A0001,account,T000017,transaction,HAS_TRANSACTION
C0002,customer,A0002,account,OWNS
C0002,customer,D0114,device,USES
C0002,customer,10.115.199.83,ip,CONNECTS_FROM
C0002,customer,M0038,merchant,PAYS
A0002,account,T000018,transaction,HAS_TRANSACTION
C0002,customer,D0061,device,USES
C0002,customer,10.62.28.194,ip,CONNECTS_FROM
C0002,customer,M0000,merchant,PAYS
A0002,account,T000019,transaction,HAS_TRANSACTION
C0002,customer,D0039,device,USES
C0002,customer,M0019,merchant,PAYS
A0002,account,T000020,transaction,HAS_TRANSACTION
C0002,customer,D0027,device,USES
C0002,customer,10.28.190.152,ip,CONNECTS_FROM
A0002,account,T000021,transaction,HAS_TRANSACTION
C0002,customer,D0073,device,USES
C0002,customer,10.89.17.145,ip,CONNECTS_FROM
C0002,customer,M0032,merchant,PAYS
A0002,account,T000022,transaction,HAS_TRANSACTION
C0002,customer,D0063,device,USES
C0002,customer,10.147.149.99,ip,CONNECTS_FROM
C0002,customer,M0006,merchant,PAYS
A0002,account,T000023,transaction,HAS_TRANSACTION
C0077,customer,M0018,merchant,PAYS
A0077,account,T000024,transaction,HAS_TRANSACTION
C0105,customer,A0105,account,OWNS
C0105,customer,D0105,device,USES
C0105,customer,10.106.136.166,ip,CONNECTS_FROM
C0105,customer,M0048,merchant,PAYS
A0105,account,T000025,transaction,HAS_TRANSACTION
C0070,customer,A0070,account,OWNS
C0070,customer,D0070,device,USES
C0070,customer,10.71.91.111,ip,CONNECTS_FROM
C0070,customer,M0051,merchant,PAYS
A0070,account,T000026,transaction,HAS_TRANSACTION
C0096,customer,M0048,merchant,PAYS
A0096,account,T000027,transaction,HAS_TRANSACTION
C0107,customer,A0107,account,OWNS
C0107,customer,D0107,device,USES
C0107,customer,10.108.150.192,ip,CONNECTS_FROM
C0107,customer,M0035,merchant,PAYS
A0107,account,T000028,transaction,HAS_TRANSACTION
C0066,customer,A0066,account,OWNS
C0066,customer,D0066,device,USES
C0066,customer,10.67.63.59,ip,CONNECTS_FROM
C0066,customer,M0043,merchant,PAYS
A0066,account,T000029,transaction,HAS_TRANSACTION
C0025,customer,A0025,account,OWNS
C0025,customer,D0494,device,USES
C0025,customer,10.26.176.126,ip,CONNECTS_FROM
C0025,customer,M0051,merchant,PAYS
A0025,account,T000030,transaction,HAS_TRANSACTION
C0048,customer,A0048,account,OWNS
C0048,customer,D0204,device,USES
C0048,customer,10.49.137.25,ip,CONNECTS_FROM
C0048,customer,M0010,merchant,PAYS
A0048,account,T000031,transaction,HAS_TRANSACTION
C0010,customer,A0010,account,OWNS
C0010,customer,D_SHARED_FRAUD,device,USES
C0010,customer,203.0.113.77,ip,CONNECTS_FROM
C0010,customer,M0026,merchant,PAYS
A0010,account,T000032,transaction,HAS_TRANSACTION
C0011,customer,A0011,account,OWNS
C0011,customer,D_SHARED_FRAUD,device,USES
C0011,customer,203.0.113.77,ip,CONNECTS_FROM
C0011,customer,M0028,merchant,PAYS
A0011,account,T000033,transaction,HAS_TRANSACTION
C0012,customer,A0012,account,OWNS
C0012,customer,D_SHARED_FRAUD,device,USES
C0012,customer,203.0.113.77,ip,CONNECTS_FROM
C0012,customer,M0016,merchant,PAYS
A0012,account,T000034,transaction,HAS_TRANSACTION
C0013,customer,A0013,account,OWNS
C0013,customer,D_SHARED_FRAUD,device,USES
C0013,customer,203.0.113.77,ip,CONNECTS_FROM
C0013,customer,M0003,merchant,PAYS
A0013,account,T000035,transaction,HAS_TRANSACTION
C0014,customer,A0014,account,OWNS
C0014,customer,D_SHARED_FRAUD,device,USES
C0014,customer,203.0.113.77,ip,CONNECTS_FROM
C0014,customer,M0020,merchant,PAYS
A0014,account,T000036,transaction,HAS_TRANSACTION
C0015,customer,A0015,account,OWNS
C0015,customer,D_SHARED_FRAUD,device,USES
C0015,customer,203.0.113.77,ip,CONNECTS_FROM
C0015,customer,M0049,merchant,PAYS
A0015,account,T000037,transaction,HAS_TRANSACTION
C0016,customer,A0016,account,OWNS
C0016,customer,D_SHARED_FRAUD,device,USES
C0016,customer,203.0.113.77,ip,CONNECTS_FROM
C0016,customer,M0046,merchant,PAYS
A0016,account,T000038,transaction,HAS_TRANSACTION
C0017,customer,A0017,account,OWNS
C0017,customer,D_SHARED_FRAUD,device,USES
C0017,customer,203.0.113.77,ip,CONNECTS_FROM
C0017,customer,M0018,merchant,PAYS
A0017,account,T000039,transaction,HAS_TRANSACTION
C0018,customer,A0018,account,OWNS
C0018,customer,D_SHARED_FRAUD,device,USES
C0018,customer,203.0.113.77,ip,CONNECTS_FROM
C0018,customer,M0052,merchant,PAYS
A0018,account,T000040,transaction,HAS_TRANSACTION
C0019,customer,A0019,account,OWNS
C0019,customer,D_SHARED_FRAUD,device,USES
C0019,customer,203.0.113.77,ip,CONNECTS_FROM
C0019,customer,M0003,merchant,PAYS
A0019,account,T000041,transaction,HAS_TRANSACTION
C0020,customer,A0020,account,OWNS
C0020,customer,D_SHARED_FRAUD,device,USES
C0020,customer,203.0.113.77,ip,CONNECTS_FROM
C0020,customer,M0045,merchant,PAYS
A0020,account,T000042,transaction,HAS_TRANSACTION
C0021,customer,A0021,account,OWNS
C0021,customer,D_SHARED_FRAUD,device,USES
C0021,customer,203.0.113.77,ip,CONNECTS_FROM
C0021,customer,M0034,merchant,PAYS
A0021,account,T000043,transaction,HAS_TRANSACTION
C0022,customer,A0022,account,OWNS
C0022,customer,D_SHARED_FRAUD,device,USES
C0022,customer,203.0.113.77,ip,CONNECTS_FROM
C0022,customer,M0007,merchant,PAYS
A0022,account,T000044,transaction,HAS_TRANSACTION
C0023,customer,A0023,account,OWNS
C0023,customer,D_SHARED_FRAUD,device,USES
C0023,customer,203.0.113.77,ip,CONNECTS_FROM
C0023,customer,M0036,merchant,PAYS
A0023,account,T000045,transaction,HAS_TRANSACTION
C0024,customer,A0024,account,OWNS
C0024,customer,D_SHARED_FRAUD,device,USES
C0024,customer,203.0.113.77,ip,CONNECTS_FROM
C0024,customer,M0015,merchant,PAYS
A0024,account,T000046,transaction,HAS_TRANSACTION
C0025,customer,D_SHARED_FRAUD,device,USES
C0025,customer,203.0.113.77,ip,CONNECTS_FROM
C0025,customer,M0021,merchant,PAYS
A0025,account,T000047,transaction,HAS_TRANSACTION
C0041,customer,A0041,account,OWNS
C0041,customer,D0041,device,USES
C0041,customer,10.42.88.134,ip,CONNECTS_FROM
C0041,customer,M0001,merchant,PAYS
A0041,account,T000048,transaction,HAS_TRANSACTION
C0091,customer,A0091,account,OWNS
C0091,customer,D0091,device,USES
C0091,customer,10.92.38.184,ip,CONNECTS_FROM
C0091,customer,M0001,merchant,PAYS
A0091,account,T000049,transaction,HAS_TRANSACTION
C0083,customer,A0083,account,OWNS
C0083,customer,D0083,device,USES
C0083,customer,10.84.182.80,ip,CONNECTS_FROM
C0083,customer,M0001,merchant,PAYS
A0083,account,T000050,transaction,HAS_TRANSACTION
C0096,customer,M0001,merchant,PAYS
A0096,account,T000051,transaction,HAS_TRANSACTION
C0085,customer,A0085,account,OWNS
C0085,customer,D0085,device,USES
C0085,customer,10.86.196.106,ip,CONNECTS_FROM
C0085,customer,M0001,merchant,PAYS
A0085,account,T000052,transaction,HAS_TRANSACTION
C0088,customer,A0088,account,OWNS
C0088,customer,D0088,device,USES
C0088,customer,10.89.17.145,ip,CONNECTS_FROM
C0088,customer,M0001,merchant,PAYS
A0088,account,T000053,transaction,HAS_TRANSACTION
C0122,customer,A0122,account,OWNS
C0122,customer,D0122,device,USES
C0122,customer,10.123.55.187,ip,CONNECTS_FROM
C0122,customer,M0001,merchant,PAYS
A0122,account,T000054,transaction,HAS_TRANSACTION
C0057,customer,A0057,account,OWNS
C0057,customer,D0057,device,USES
C0057,customer,10.58.200.142,ip,CONNECTS_FROM
C0057,customer,M0001,merchant,PAYS
A0057,account,T000055,transaction,HAS_TRANSACTION
C0042,customer,D0042,device,USES
C0042,customer,M0001,merchant,PAYS
A0042,account,T000056,transaction,HAS_TRANSACTION
C0019,customer,D0144,device,USES
C0019,customer,10.20.134.48,ip,CONNECTS_FROM
C0019,customer,M0001,merchant,PAYS
A0019,account,T000057,transaction,HAS_TRANSACTION
C0030,customer,A_MULE_001,account,OWNS
C0030,customer,D0056,device,USES
C0030,customer,10.57.193.129,ip,CONNECTS_FROM
C0030,customer,M0006,merchant,PAYS
A_MULE_001,account,T000058,transaction,HAS_TRANSACTION
C0031,customer,A_MULE_001,account,OWNS
C0031,customer,D0081,device,USES
C0031,customer,10.82.168.54,ip,CONNECTS_FROM
C0031,customer,M0006,merchant,PAYS
A_MULE_001,account,T000059,transaction,HAS_TRANSACTION
C0032,customer,A_MULE_001,account,OWNS
C0032,customer,D0046,device,USES
C0032,customer,10.47.123.199,ip,CONNECTS_FROM
C0032,customer,M0049,merchant,PAYS
A_MULE_001,account,T000060,transaction,HAS_TRANSACTION
C0033,customer,A_MULE_001,account,OWNS
C0033,customer,D0020,device,USES
C0033,customer,10.21.141.61,ip,CONNECTS_FROM
C0033,customer,M0050,merchant,PAYS
A_MULE_001,account,T000061,transaction,HAS_TRANSACTION
C0034,customer,A_MULE_001,account,OWNS
C0034,customer,D0028,device,USES
C0034,customer,10.29.197.165,ip,CONNECTS_FROM
C0034,customer,M0018,merchant,PAYS
A_MULE_001,account,T000062,transaction,HAS_TRANSACTION
C0035,customer,A_MULE_001,account,OWNS
C0035,customer,D0033,device,USES
C0035,customer,10.34.32.30,ip,CONNECTS_FROM
C0035,customer,M0023,merchant,PAYS
A_MULE_001,account,T000063,transaction,HAS_TRANSACTION
C0036,customer,A_MULE_001,account,OWNS
C0036,customer,D0067,device,USES
C0036,customer,10.68.70.72,ip,CONNECTS_FROM
C0036,customer,M0041,merchant,PAYS
A_MULE_001,account,T000064,transaction,HAS_TRANSACTION
C0037,customer,A_MULE_001,account,OWNS
C0037,customer,D0010,device,USES
C0037,customer,10.11.71.131,ip,CONNECTS_FROM
C0037,customer,M0054,merchant,PAYS
A_MULE_001,account,T000065,transaction,HAS_TRANSACTION
C0038,customer,A_MULE_001,account,OWNS
C0038,customer,D0049,device,USES
C0038,customer,10.50.144.38,ip,CONNECTS_FROM
C0038,customer,M0012,merchant,PAYS
A_MULE_001,account,T000066,transaction,HAS_TRANSACTION
C0039,customer,A_MULE_001,account,OWNS
C0039,customer,D0070,device,USES
C0039,customer,10.71.91.111,ip,CONNECTS_FROM
C0039,customer,M0029,merchant,PAYS
A_MULE_001,account,T000067,transaction,HAS_TRANSACTION
C0040,customer,A_MULE_001,account,OWNS
C0040,customer,D0032,device,USES
C0040,customer,10.33.25.17,ip,CONNECTS_FROM
C0040,customer,M0041,merchant,PAYS
A_MULE_001,account,T000068,transaction,HAS_TRANSACTION
C0041,customer,A_MULE_001,account,OWNS
C0041,customer,D0105,device,USES
C0041,customer,10.106.136.166,ip,CONNECTS_FROM
C0041,customer,M0003,merchant,PAYS
A_MULE_001,account,T000069,transaction,HAS_TRANSACTION
C0058,customer,A0058,account,OWNS
C0058,customer,D0058,device,USES
C0058,customer,10.59.7.155,ip,CONNECTS_FROM
C0058,customer,M0026,merchant,PAYS
A0058,account,T000070,transaction,HAS_TRANSACTION
C0051,customer,A0051,account,OWNS
C0051,customer,D0051,device,USES
C0051,customer,10.52.158.64,ip,CONNECTS_FROM
C0051,customer,M0011,merchant,PAYS
A0051,account,T000071,transaction,HAS_TRANSACTION
C0006,customer,A0006,account,OWNS
C0006,customer,D0006,device,USES
C0006,customer,10.7.43.79,ip,CONNECTS_FROM
C0006,customer,M0048,merchant,PAYS
A0006,account,T000072,transaction,HAS_TRANSACTION
C0014,customer,D0014,device,USES
C0014,customer,10.15.99.183,ip,CONNECTS_FROM
C0014,customer,M0045,merchant,PAYS
A0014,account,T000073,transaction,HAS_TRANSACTION
C0050,customer,A0050,account,OWNS
C0050,customer,D0050,device,USES
C0050,customer,10.51.151.51,ip,CONNECTS_FROM
C0050,customer,M0050,merchant,PAYS
A0050,account,T000074,transaction,HAS_TRANSACTION
C0119,customer,A0119,account,OWNS
C0119,customer,D0119,device,USES
C0119,customer,10.120.34.148,ip,CONNECTS_FROM
C0119,customer,M0020,merchant,PAYS
A0119,account,T000075,transaction,HAS_TRANSACTION
C0108,customer,A0108,account,OWNS
C0108,customer,D0108,device,USES
C0108,customer,10.109.157.5,ip,CONNECTS_FROM
C0108,customer,M0044,merchant,PAYS
A0108,account,T000076,transaction,HAS_TRANSACTION
C0033,customer,A0033,account,OWNS
C0033,customer,D0033,device,USES
C0033,customer,10.34.32.30,ip,CONNECTS_FROM
C0033,customer,M0019,merchant,PAYS
A0033,account,T000077,transaction,HAS_TRANSACTION
C0038,customer,A0038,account,OWNS
C0038,customer,D0038,device,USES
C0038,customer,10.39.67.95,ip,CONNECTS_FROM
C0038,customer,M0042,merchant,PAYS
A0038,account,T000078,transaction,HAS_TRANSACTION
C0022,customer,D0022,device,USES
C0022,customer,10.152.216.100,ip,CONNECTS_FROM
C0022,customer,M0050,merchant,PAYS
A0022,account,T000079,transaction,HAS_TRANSACTION
C0085,customer,M0013,merchant,PAYS
A0085,account,T000080,transaction,HAS_TRANSACTION
C0110,customer,A0110,account,OWNS
C0110,customer,D0110,device,USES
C0110,customer,10.111.171.31,ip,CONNECTS_FROM
C0110,customer,M0048,merchant,PAYS
A0110,account,T000081,transaction,HAS_TRANSACTION
C0067,customer,A0067,account,OWNS
C0067,customer,D_NEW_82,device,USES
C0067,customer,10.68.70.72,ip,CONNECTS_FROM
C0067,customer,M0051,merchant,PAYS
A0067,account,T000082,transaction,HAS_TRANSACTION
C0063,customer,A0063,account,OWNS
C0063,customer,D_NEW_83,device,USES
C0063,customer,10.64.42.20,ip,CONNECTS_FROM
C0063,customer,M0050,merchant,PAYS
A0063,account,T000083,transaction,HAS_TRANSACTION
C0027,customer,A0027,account,OWNS
C0027,customer,D_NEW_84,device,USES
C0027,customer,10.28.190.152,ip,CONNECTS_FROM
C0027,customer,M0003,merchant,PAYS
A0027,account,T000084,transaction,HAS_TRANSACTION
C0078,customer,A0078,account,OWNS
C0078,customer,D_NEW_85,device,USES
C0078,customer,10.79.147.15,ip,CONNECTS_FROM
C0078,customer,M0036,merchant,PAYS
A0078,account,T000085,transaction,HAS_TRANSACTION
C0017,customer,D_NEW_86,device,USES
C0017,customer,10.51.103.58,ip,CONNECTS_FROM
C0017,customer,M0022,merchant,PAYS
A0017,account,T000086,transaction,HAS_TRANSACTION
C0044,customer,A0044,account,OWNS
C0044,customer,D_NEW_87,device,USES
C0044,customer,10.45.109.173,ip,CONNECTS_FROM
C0044,customer,M0020,merchant,PAYS
A0044,account,T000087,transaction,HAS_TRANSACTION
C0065,customer,A0065,account,OWNS
C0065,customer,D_NEW_88,device,USES
C0065,customer,10.66.56.46,ip,CONNECTS_FROM
C0065,customer,M0050,merchant,PAYS
A0065,account,T000088,transaction,HAS_TRANSACTION
C0008,customer,A0008,account,OWNS
C0008,customer,D_NEW_89,device,USES
C0008,customer,10.9.57.105,ip,CONNECTS_FROM
C0008,customer,M0054,merchant,PAYS
A0008,account,T000089,transaction,HAS_TRANSACTION
C0024,customer,D0024,device,USES
C0024,customer,10.25.169.113,ip,CONNECTS_FROM
C0024,customer,M0029,merchant,PAYS
A0024,account,T000090,transaction,HAS_TRANSACTION
C0115,customer,A0115,account,OWNS
C0115,customer,D0115,device,USES
C0115,customer,10.116.6.96,ip,CONNECTS_FROM
C0115,customer,M0043,merchant,PAYS
A0115,account,T000091,transaction,HAS_TRANSACTION
C0057,customer,M0039,merchant,PAYS
A0057,account,T000092,transaction,HAS_TRANSACTION
C0010,customer,D0010,device,USES
C0010,customer,10.9.208.56,ip,CONNECTS_FROM
C0010,customer,M0028,merchant,PAYS
A0010,account,T000093,transaction,HAS_TRANSACTION
C0006,customer,M0050,merchant,PAYS
A0006,account,T000094,transaction,HAS_TRANSACTION
C0100,customer,A0100,account,OWNS
C0100,customer,D0063,device,USES
C0100,customer,10.101.101.101,ip,CONNECTS_FROM
C0100,customer,M0019,merchant,PAYS
A0100,account,T000095,transaction,HAS_TRANSACTION
C0047,customer,A0047,account,OWNS
C0047,customer,D0047,device,USES
C0047,customer,10.48.130.12,ip,CONNECTS_FROM
C0047,customer,M0035,merchant,PAYS
A0047,account,T000096,transaction,HAS_TRANSACTION
C0090,customer,A0090,account,OWNS
C0090,customer,D0090,device,USES
C0090,customer,10.91.31.171,ip,CONNECTS_FROM
C0090,customer,M0032,merchant,PAYS
A0090,account,T000097,transaction,HAS_TRANSACTION
C0012,customer,D0012,device,USES
C0012,customer,10.13.85.157,ip,CONNECTS_FROM
C0012,customer,M0040,merchant,PAYS
A0012,account,T000098,transaction,HAS_TRANSACTION
C0002,customer,D0002,device,USES
C0002,customer,10.3.15.27,ip,CONNECTS_FROM
C0002,customer,M0044,merchant,PAYS
A0002,account,T000099,transaction,HAS_TRANSACTION
C0024,customer,M0042,merchant,PAYS
A0024,account,T000100,transaction,HAS_TRANSACTION
C0046,customer,A0046,account,OWNS
C0046,customer,D0046,device,USES
C0046,customer,10.47.123.199,ip,CONNECTS_FROM
C0046,customer,M0032,merchant,PAYS
A0046,account,T000101,transaction,HAS_TRANSACTION
C0028,customer,A0028,account,OWNS
C0028,customer,D0028,device,USES
C0028,customer,10.228.204.40,ip,CONNECTS_FROM
C0028,customer,M0010,merchant,PAYS
A0028,account,T000102,transaction,HAS_TRANSACTION
C0095,customer,A0095,account,OWNS
C0095,customer,D0095,device,USES
C0095,customer,10.96.66.36,ip,CONNECTS_FROM
C0095,customer,M0044,merchant,PAYS
A0095,account,T000103,transaction,HAS_TRANSACTION
C0103,customer,A0103,account,OWNS
C0103,customer,D0103,device,USES
C0103,customer,10.104.122.140,ip,CONNECTS_FROM
C0103,customer,M0038,merchant,PAYS
A0103,account,T000104,transaction,HAS_TRANSACTION
C0102,customer,A0102,account,OWNS
C0102,customer,D0102,device,USES
C0102,customer,10.103.115.127,ip,CONNECTS_FROM
C0102,customer,M0018,merchant,PAYS
A0102,account,T000105,transaction,HAS_TRANSACTION
C0045,customer,A0045,account,OWNS
C0045,customer,D0045,device,USES
C0045,customer,10.46.116.186,ip,CONNECTS_FROM
C0045,customer,M0049,merchant,PAYS
A0045,account,T000106,transaction,HAS_TRANSACTION
C0002,customer,M0045,merchant,PAYS
A0002,account,T000107,transaction,HAS_TRANSACTION
C0072,customer,A0072,account,OWNS
C0072,customer,D0072,device,USES
C0072,customer,10.73.105.137,ip,CONNECTS_FROM
C0072,customer,M0026,merchant,PAYS
A0072,account,T000108,transaction,HAS_TRANSACTION
C0028,customer,D0333,device,USES
C0028,customer,10.29.197.165,ip,CONNECTS_FROM
C0028,customer,M0008,merchant,PAYS
A0028,account,T000109,transaction,HAS_TRANSACTION
C0053,customer,A0053,account,OWNS
C0053,customer,D0053,device,USES
C0053,customer,10.54.172.90,ip,CONNECTS_FROM
C0053,customer,M0018,merchant,PAYS
A0053,account,T000110,transaction,HAS_TRANSACTION
C0050,customer,M0012,merchant,PAYS
A0050,account,T000111,transaction,HAS_TRANSACTION
C0124,customer,A0124,account,OWNS
C0124,customer,D0124,device,USES
C0124,customer,10.207.143.68,ip,CONNECTS_FROM
C0124,customer,M0000,merchant,PAYS
A0124,account,T000112,transaction,HAS_TRANSACTION
C0072,customer,M0020,merchant,PAYS
A0072,account,T000113,transaction,HAS_TRANSACTION
C0025,customer,D0025,device,USES
C0025,customer,M0041,merchant,PAYS
A0025,account,T000114,transaction,HAS_TRANSACTION
C0051,customer,M0007,merchant,PAYS
A0051,account,T000115,transaction,HAS_TRANSACTION
C0124,customer,10.125.69.13,ip,CONNECTS_FROM
C0124,customer,M0040,merchant,PAYS
A0124,account,T000116,transaction,HAS_TRANSACTION
C0036,customer,A0036,account,OWNS
C0036,customer,D0036,device,USES
C0036,customer,10.37.53.69,ip,CONNECTS_FROM
C0036,customer,M0015,merchant,PAYS
A0036,account,T000117,transaction,HAS_TRANSACTION
C0050,customer,M0004,merchant,PAYS
A0050,account,T000118,transaction,HAS_TRANSACTION
C0076,customer,A0076,account,OWNS
C0076,customer,D0076,device,USES
C0076,customer,10.77.133.189,ip,CONNECTS_FROM
C0076,customer,M0046,merchant,PAYS
A0076,account,T000119,transaction,HAS_TRANSACTION
C0094,customer,A0094,account,OWNS
C0094,customer,D0052,device,USES
C0094,customer,10.95.59.23,ip,CONNECTS_FROM
C0094,customer,M0040,merchant,PAYS
A0094,account,T000120,transaction,HAS_TRANSACTION
C0102,customer,M0016,merchant,PAYS
A0102,account,T000121,transaction,HAS_TRANSACTION
C0120,customer,10.121.41.161,ip,CONNECTS_FROM
C0120,customer,M0050,merchant,PAYS
A0120,account,T000122,transaction,HAS_TRANSACTION
C0120,customer,D0196,device,USES
C0120,customer,M0019,merchant,PAYS
A0120,account,T000123,transaction,HAS_TRANSACTION
C0051,customer,M0033,merchant,PAYS
A0051,account,T000124,transaction,HAS_TRANSACTION
C0029,customer,A0029,account,OWNS
C0029,customer,D0029,device,USES
C0029,customer,10.30.4.178,ip,CONNECTS_FROM
C0029,customer,M0025,merchant,PAYS
A0029,account,T000125,transaction,HAS_TRANSACTION
C0056,customer,A0056,account,OWNS
C0056,customer,D0056,device,USES
C0056,customer,10.57.193.129,ip,CONNECTS_FROM
C0056,customer,M0019,merchant,PAYS
A0056,account,T000126,transaction,HAS_TRANSACTION
C0032,customer,M0042,merchant,PAYS
A0032,account,T000127,transaction,HAS_TRANSACTION
C0119,customer,M0005,merchant,PAYS
A0119,account,T000128,transaction,HAS_TRANSACTION
C0104,customer,A0104,account,OWNS
C0104,customer,D0104,device,USES
C0104,customer,10.105.129.153,ip,CONNECTS_FROM
C0104,customer,M0044,merchant,PAYS
A0104,account,T000129,transaction,HAS_TRANSACTION
A0041,account,T000130,transaction,HAS_TRANSACTION
C0103,customer,M0016,merchant,PAYS
A0103,account,T000131,transaction,HAS_TRANSACTION
C0020,customer,D0020,device,USES
C0020,customer,10.21.141.61,ip,CONNECTS_FROM
C0020,customer,M0023,merchant,PAYS
A0020,account,T000132,transaction,HAS_TRANSACTION
C0080,customer,A0080,account,OWNS
C0080,customer,D0080,device,USES
C0080,customer,10.81.161.41,ip,CONNECTS_FROM
C0080,customer,M0047,merchant,PAYS
A0080,account,T000133,transaction,HAS_TRANSACTION
C0036,customer,M0033,merchant,PAYS
A0036,account,T000134,transaction,HAS_TRANSACTION
C0084,customer,A0084,account,OWNS
C0084,customer,D0084,device,USES
C0084,customer,10.85.189.93,ip,CONNECTS_FROM
C0084,customer,M0023,merchant,PAYS
A0084,account,T000135,transaction,HAS_TRANSACTION
C0105,customer,M0045,merchant,PAYS
A0105,account,T000136,transaction,HAS_TRANSACTION
C0061,customer,A0061,account,OWNS
C0061,customer,D0061,device,USES
C0061,customer,10.62.28.194,ip,CONNECTS_FROM
C0061,customer,M0022,merchant,PAYS
A0061,account,T000137,transaction,HAS_TRANSACTION
C0121,customer,M0052,merchant,PAYS
A0121,account,T000138,transaction,HAS_TRANSACTION
C0096,customer,M0005,merchant,PAYS
A0096,account,T000139,transaction,HAS_TRANSACTION
C0038,customer,M0051,merchant,PAYS
A0038,account,T000140,transaction,HAS_TRANSACTION
C0090,customer,M0015,merchant,PAYS
A0090,account,T000141,transaction,HAS_TRANSACTION
C0079,customer,A0079,account,OWNS
C0079,customer,D0079,device,USES
C0079,customer,10.80.154.28,ip,CONNECTS_FROM
C0079,customer,M0036,merchant,PAYS
A0079,account,T000142,transaction,HAS_TRANSACTION
C0114,customer,A0114,account,OWNS
C0114,customer,D0114,device,USES
C0114,customer,10.115.199.83,ip,CONNECTS_FROM
C0114,customer,M0049,merchant,PAYS
A0114,account,T000143,transaction,HAS_TRANSACTION
C0079,customer,M0029,merchant,PAYS
A0079,account,T000144,transaction,HAS_TRANSACTION
C0013,customer,D0013,device,USES
C0013,customer,10.14.92.170,ip,CONNECTS_FROM
C0013,customer,M0006,merchant,PAYS
A0013,account,T000145,transaction,HAS_TRANSACTION
C0115,customer,M0031,merchant,PAYS
A0115,account,T000146,transaction,HAS_TRANSACTION
C0008,customer,D0008,device,USES
C0008,customer,M0049,merchant,PAYS
A0008,account,T000147,transaction,HAS_TRANSACTION
C0082,customer,A0082,account,OWNS
C0082,customer,D0435,device,USES
C0082,customer,10.83.175.67,ip,CONNECTS_FROM
C0082,customer,M0027,merchant,PAYS
A0082,account,T000148,transaction,HAS_TRANSACTION
C0005,customer,A0005,account,OWNS
C0005,customer,D0005,device,USES
C0005,customer,10.6.36.66,ip,CONNECTS_FROM
C0005,customer,M0035,merchant,PAYS
A0005,account,T000149,transaction,HAS_TRANSACTION
C0088,customer,M0009,merchant,PAYS
A0088,account,T000150,transaction,HAS_TRANSACTION
C0017,customer,D0017,device,USES
C0017,customer,10.210.136.5,ip,CONNECTS_FROM
C0017,customer,M0050,merchant,PAYS
A0017,account,T000151,transaction,HAS_TRANSACTION
C0121,customer,M0003,merchant,PAYS
A0121,account,T000152,transaction,HAS_TRANSACTION
C0062,customer,A0062,account,OWNS
C0062,customer,D0062,device,USES
C0062,customer,10.63.35.7,ip,CONNECTS_FROM
C0062,customer,M0008,merchant,PAYS
A0062,account,T000153,transaction,HAS_TRANSACTION
C0039,customer,A0039,account,OWNS
C0039,customer,D0039,device,USES
C0039,customer,10.40.74.108,ip,CONNECTS_FROM
C0039,customer,M0012,merchant,PAYS
A0039,account,T000154,transaction,HAS_TRANSACTION
C0026,customer,A0026,account,OWNS
C0026,customer,D0026,device,USES
C0026,customer,10.27.183.139,ip,CONNECTS_FROM
C0026,customer,M0034,merchant,PAYS
A0026,account,T000155,transaction,HAS_TRANSACTION
C0123,customer,A0123,account,OWNS
C0123,customer,D0123,device,USES
C0123,customer,10.124.62.200,ip,CONNECTS_FROM
C0123,customer,M0017,merchant,PAYS
A0123,account,T000156,transaction,HAS_TRANSACTION
C0003,customer,A0003,account,OWNS
C0003,customer,D0003,device,USES
C0003,customer,10.4.22.40,ip,CONNECTS_FROM
C0003,customer,M0044,merchant,PAYS
A0003,account,T000157,transaction,HAS_TRANSACTION
C0035,customer,A0035,account,OWNS
C0035,customer,D0035,device,USES
C0035,customer,10.36.46.56,ip,CONNECTS_FROM
C0035,customer,M0029,merchant,PAYS
A0035,account,T000158,transaction,HAS_TRANSACTION
C0033,customer,M0018,merchant,PAYS
A0033,account,T000159,transaction,HAS_TRANSACTION
C0040,customer,A0040,account,OWNS
C0040,customer,D0040,device,USES
C0040,customer,10.41.81.121,ip,CONNECTS_FROM
C0040,customer,M0011,merchant,PAYS
A0040,account,T000160,transaction,HAS_TRANSACTION
C0092,customer,A0092,account,OWNS
C0092,customer,D0050,device,USES
C0092,customer,10.93.45.197,ip,CONNECTS_FROM
C0092,customer,M0053,merchant,PAYS
A0092,account,T000161,transaction,HAS_TRANSACTION
C0033,customer,M0052,merchant,PAYS
A0033,account,T000162,transaction,HAS_TRANSACTION
C0009,customer,A0009,account,OWNS
C0009,customer,D0009,device,USES
C0009,customer,10.10.64.118,ip,CONNECTS_FROM
C0009,customer,M0008,merchant,PAYS
A0009,account,T000163,transaction,HAS_TRANSACTION
C0123,customer,M0014,merchant,PAYS
A0123,account,T000164,transaction,HAS_TRANSACTION
C0032,customer,M0047,merchant,PAYS
A0032,account,T000165,transaction,HAS_TRANSACTION
C0023,customer,D0023,device,USES
C0023,customer,10.24.162.100,ip,CONNECTS_FROM
C0023,customer,M0037,merchant,PAYS
A0023,account,T000166,transaction,HAS_TRANSACTION
C0044,customer,D0044,device,USES
C0044,customer,M0046,merchant,PAYS
A0044,account,T000167,transaction,HAS_TRANSACTION
C0042,customer,M0041,merchant,PAYS
A0042,account,T000168,transaction,HAS_TRANSACTION
C0075,customer,A0075,account,OWNS
C0075,customer,D0244,device,USES
C0075,customer,10.76.126.176,ip,CONNECTS_FROM
C0075,customer,M0018,merchant,PAYS
A0075,account,T000169,transaction,HAS_TRANSACTION
C0076,customer,M0051,merchant,PAYS
A0076,account,T000170,transaction,HAS_TRANSACTION
C0034,customer,A0034,account,OWNS
C0034,customer,D0034,device,USES
C0034,customer,10.35.39.43,ip,CONNECTS_FROM
A0034,account,T000171,transaction,HAS_TRANSACTION
C0074,customer,A0074,account,OWNS
C0074,customer,D0074,device,USES
C0074,customer,10.75.119.163,ip,CONNECTS_FROM
C0074,customer,M0054,merchant,PAYS
A0074,account,T000172,transaction,HAS_TRANSACTION
C0105,customer,M0042,merchant,PAYS
A0105,account,T000173,transaction,HAS_TRANSACTION
C0004,customer,A0004,account,OWNS
C0004,customer,D0004,device,USES
C0004,customer,10.5.29.53,ip,CONNECTS_FROM
C0004,customer,M0040,merchant,PAYS
A0004,account,T000174,transaction,HAS_TRANSACTION
C0122,customer,M0022,merchant,PAYS
A0122,account,T000175,transaction,HAS_TRANSACTION
C0033,customer,M0022,merchant,PAYS
A0033,account,T000176,transaction,HAS_TRANSACTION
C0043,customer,A0043,account,OWNS
C0043,customer,D0043,device,USES
C0043,customer,10.44.102.160,ip,CONNECTS_FROM
C0043,customer,M0053,merchant,PAYS
A0043,account,T000177,transaction,HAS_TRANSACTION
C0017,customer,10.18.120.22,ip,CONNECTS_FROM
C0017,customer,M0014,merchant,PAYS
A0017,account,T000178,transaction,HAS_TRANSACTION
C0090,customer,M0027,merchant,PAYS
A0090,account,T000179,transaction,HAS_TRANSACTION
C0032,customer,M0018,merchant,PAYS
A0032,account,T000180,transaction,HAS_TRANSACTION
C0095,customer,10.116.234.23,ip,CONNECTS_FROM
C0095,customer,M0049,merchant,PAYS
A0095,account,T000181,transaction,HAS_TRANSACTION
C0085,customer,M0024,merchant,PAYS
A0085,account,T000182,transaction,HAS_TRANSACTION
C0004,customer,M0052,merchant,PAYS
A0004,account,T000183,transaction,HAS_TRANSACTION
C0040,customer,M0020,merchant,PAYS
A0040,account,T000184,transaction,HAS_TRANSACTION
A0032,account,T000185,transaction,HAS_TRANSACTION
C0065,customer,D0065,device,USES
C0065,customer,M0054,merchant,PAYS
A0065,account,T000186,transaction,HAS_TRANSACTION
C0003,customer,M0045,merchant,PAYS
A0003,account,T000187,transaction,HAS_TRANSACTION
C0065,customer,M0047,merchant,PAYS
A0065,account,T000188,transaction,HAS_TRANSACTION
C0023,customer,M0048,merchant,PAYS
A0023,account,T000189,transaction,HAS_TRANSACTION
C0121,customer,M0038,merchant,PAYS
A0121,account,T000190,transaction,HAS_TRANSACTION
C0123,customer,M0052,merchant,PAYS
A0123,account,T000191,transaction,HAS_TRANSACTION
C0053,customer,D0413,device,USES
C0053,customer,M0004,merchant,PAYS
A0053,account,T000192,transaction,HAS_TRANSACTION
C0021,customer,D0421,device,USES
C0021,customer,10.22.148.74,ip,CONNECTS_FROM
C0021,customer,M0001,merchant,PAYS
A0021,account,T000193,transaction,HAS_TRANSACTION
C0015,customer,D0015,device,USES
C0015,customer,10.16.106.196,ip,CONNECTS_FROM
C0015,customer,M0008,merchant,PAYS
A0015,account,T000194,transaction,HAS_TRANSACTION
C0026,customer,M0017,merchant,PAYS
A0026,account,T000195,transaction,HAS_TRANSACTION
C0000,customer,A0000,account,OWNS
C0000,customer,D0000,device,USES
C0000,customer,10.1.1.1,ip,CONNECTS_FROM
C0000,customer,M0016,merchant,PAYS
A0000,account,T000196,transaction,HAS_TRANSACTION
C0095,customer,M0023,merchant,PAYS
A0095,account,T000197,transaction,HAS_TRANSACTION
C0006,customer,M0014,merchant,PAYS
A0006,account,T000198,transaction,HAS_TRANSACTION
C0057,customer,M0002,merchant,PAYS
A0057,account,T000199,transaction,HAS_TRANSACTION
C0120,customer,M0046,merchant,PAYS
A0120,account,T000200,transaction,HAS_TRANSACTION
C0005,customer,M0019,merchant,PAYS
A0005,account,T000201,transaction,HAS_TRANSACTION
C0032,customer,M0043,merchant,PAYS
A0032,account,T000202,transaction,HAS_TRANSACTION
C0030,customer,A0030,account,OWNS
C0030,customer,D0030,device,USES
C0030,customer,10.138.174.231,ip,CONNECTS_FROM
C0030,customer,M0027,merchant,PAYS
A0030,account,T000203,transaction,HAS_TRANSACTION
C0122,customer,D0263,device,USES
C0122,customer,M0005,merchant,PAYS
A0122,account,T000204,transaction,HAS_TRANSACTION
A0013,account,T000205,transaction,HAS_TRANSACTION
A0023,account,T000206,transaction,HAS_TRANSACTION
C0042,customer,M0046,merchant,PAYS
A0042,account,T000207,transaction,HAS_TRANSACTION
C0035,customer,M0046,merchant,PAYS
A0035,account,T000208,transaction,HAS_TRANSACTION
C0022,customer,10.23.155.87,ip,CONNECTS_FROM
C0022,customer,M0052,merchant,PAYS
A0022,account,T000209,transaction,HAS_TRANSACTION
C0046,customer,M0020,merchant,PAYS
A0046,account,T000210,transaction,HAS_TRANSACTION
C0118,customer,A0118,account,OWNS
C0118,customer,D0118,device,USES
C0118,customer,10.119.27.135,ip,CONNECTS_FROM
C0118,customer,M0005,merchant,PAYS
A0118,account,T000211,transaction,HAS_TRANSACTION
C0076,customer,10.237.225.165,ip,CONNECTS_FROM
C0076,customer,M0028,merchant,PAYS
A0076,account,T000212,transaction,HAS_TRANSACTION
C0062,customer,D0248,device,USES
C0062,customer,M0045,merchant,PAYS
A0062,account,T000213,transaction,HAS_TRANSACTION
C0066,customer,M0013,merchant,PAYS
A0066,account,T000214,transaction,HAS_TRANSACTION
C0114,customer,M0030,merchant,PAYS
A0114,account,T000215,transaction,HAS_TRANSACTION
C0018,customer,D0018,device,USES
C0018,customer,10.19.127.35,ip,CONNECTS_FROM
C0018,customer,M0034,merchant,PAYS
A0018,account,T000216,transaction,HAS_TRANSACTION
C0119,customer,M0044,merchant,PAYS
A0119,account,T000217,transaction,HAS_TRANSACTION
C0017,customer,D0263,device,USES
C0017,customer,M0017,merchant,PAYS
A0017,account,T000218,transaction,HAS_TRANSACTION
C0080,customer,M0013,merchant,PAYS
A0080,account,T000219,transaction,HAS_TRANSACTION
C0014,customer,M0026,merchant,PAYS
A0014,account,T000220,transaction,HAS_TRANSACTION
C0082,customer,D0082,device,USES
C0082,customer,M0030,merchant,PAYS
A0082,account,T000221,transaction,HAS_TRANSACTION
C0015,customer,M0010,merchant,PAYS
A0015,account,T000222,transaction,HAS_TRANSACTION
C0020,customer,M0035,merchant,PAYS
A0020,account,T000223,transaction,HAS_TRANSACTION
C0011,customer,D0218,device,USES
C0011,customer,10.12.78.144,ip,CONNECTS_FROM
A0011,account,T000224,transaction,HAS_TRANSACTION
C0100,customer,D0100,device,USES
C0100,customer,M0012,merchant,PAYS
A0100,account,T000225,transaction,HAS_TRANSACTION
C0033,customer,M0049,merchant,PAYS
A0033,account,T000226,transaction,HAS_TRANSACTION
C0116,customer,A0116,account,OWNS
C0116,customer,D0116,device,USES
C0116,customer,10.117.13.109,ip,CONNECTS_FROM
C0116,customer,M0003,merchant,PAYS
A0116,account,T000227,transaction,HAS_TRANSACTION
C0067,customer,D0067,device,USES
C0067,customer,M0034,merchant,PAYS
A0067,account,T000228,transaction,HAS_TRANSACTION
C0089,customer,A0089,account,OWNS
C0089,customer,D0089,device,USES
C0089,customer,10.90.24.158,ip,CONNECTS_FROM
C0089,customer,M0045,merchant,PAYS
A0089,account,T000229,transaction,HAS_TRANSACTION
C0008,customer,M0003,merchant,PAYS
A0008,account,T000230,transaction,HAS_TRANSACTION
C0095,customer,M0012,merchant,PAYS
A0095,account,T000231,transaction,HAS_TRANSACTION
C0111,customer,A0111,account,OWNS
C0111,customer,D0111,device,USES
C0111,customer,10.112.178.44,ip,CONNECTS_FROM
C0111,customer,M0031,merchant,PAYS
A0111,account,T000232,transaction,HAS_TRANSACTION
C0015,customer,M0035,merchant,PAYS
A0015,account,T000233,transaction,HAS_TRANSACTION
C0097,customer,A0097,account,OWNS
C0097,customer,D0097,device,USES
C0097,customer,10.98.80.62,ip,CONNECTS_FROM
C0097,customer,M0040,merchant,PAYS
A0097,account,T000234,transaction,HAS_TRANSACTION
C0109,customer,D0109,device,USES
C0109,customer,M0051,merchant,PAYS
A0109,account,T000235,transaction,HAS_TRANSACTION
C0069,customer,A0069,account,OWNS
C0069,customer,D0354,device,USES
C0069,customer,10.70.84.98,ip,CONNECTS_FROM
C0069,customer,M0019,merchant,PAYS
A0069,account,T000236,transaction,HAS_TRANSACTION
C0103,customer,M0007,merchant,PAYS
A0103,account,T000237,transaction,HAS_TRANSACTION
C0064,customer,A0064,account,OWNS
C0064,customer,D0064,device,USES
C0064,customer,10.65.49.33,ip,CONNECTS_FROM
C0064,customer,M0013,merchant,PAYS
A0064,account,T000238,transaction,HAS_TRANSACTION
C0112,customer,M0000,merchant,PAYS
A0112,account,T000239,transaction,HAS_TRANSACTION
C0066,customer,M0029,merchant,PAYS
A0066,account,T000240,transaction,HAS_TRANSACTION
C0096,customer,M0010,merchant,PAYS
A0096,account,T000241,transaction,HAS_TRANSACTION
C0110,customer,M0031,merchant,PAYS
A0110,account,T000242,transaction,HAS_TRANSACTION
C0003,customer,M0003,merchant,PAYS
A0003,account,T000243,transaction,HAS_TRANSACTION
C0019,customer,D0019,device,USES
C0019,customer,M0030,merchant,PAYS
A0019,account,T000244,transaction,HAS_TRANSACTION
C0011,customer,D0011,device,USES
C0011,customer,M0013,merchant,PAYS
A0011,account,T000245,transaction,HAS_TRANSACTION
C0088,customer,D0037,device,USES
C0088,customer,M0004,merchant,PAYS
A0088,account,T000246,transaction,HAS_TRANSACTION
C0042,customer,M0033,merchant,PAYS
A0042,account,T000247,transaction,HAS_TRANSACTION
C0112,customer,M0009,merchant,PAYS
A0112,account,T000248,transaction,HAS_TRANSACTION
C0035,customer,D0376,device,USES
C0035,customer,M0033,merchant,PAYS
A0035,account,T000249,transaction,HAS_TRANSACTION
C0030,customer,10.31.11.191,ip,CONNECTS_FROM
C0030,customer,M0047,merchant,PAYS
A0030,account,T000250,transaction,HAS_TRANSACTION
C0119,customer,M0035,merchant,PAYS
A0119,account,T000251,transaction,HAS_TRANSACTION
C0030,customer,M0042,merchant,PAYS
A0030,account,T000252,transaction,HAS_TRANSACTION
C0101,customer,A0101,account,OWNS
C0101,customer,D0231,device,USES
C0101,customer,10.102.108.114,ip,CONNECTS_FROM
C0101,customer,M0036,merchant,PAYS
A0101,account,T000253,transaction,HAS_TRANSACTION
C0065,customer,M0046,merchant,PAYS
A0065,account,T000254,transaction,HAS_TRANSACTION
C0111,customer,M0025,merchant,PAYS
A0111,account,T000255,transaction,HAS_TRANSACTION
C0066,customer,M0016,merchant,PAYS
A0066,account,T000256,transaction,HAS_TRANSACTION
C0049,customer,A0049,account,OWNS
C0049,customer,D0049,device,USES
C0049,customer,10.28.145.157,ip,CONNECTS_FROM
C0049,customer,M0033,merchant,PAYS
A0049,account,T000257,transaction,HAS_TRANSACTION
C0025,customer,10.79.38.109,ip,CONNECTS_FROM
C0025,customer,M0026,merchant,PAYS
A0025,account,T000258,transaction,HAS_TRANSACTION
C0049,customer,10.50.144.38,ip,CONNECTS_FROM
C0049,customer,M0008,merchant,PAYS
A0049,account,T000259,transaction,HAS_TRANSACTION
C0109,customer,D0017,device,USES
C0109,customer,M0048,merchant,PAYS
A0109,account,T000260,transaction,HAS_TRANSACTION
C0051,customer,M0032,merchant,PAYS
A0051,account,T000261,transaction,HAS_TRANSACTION
C0083,customer,M0036,merchant,PAYS
A0083,account,T000262,transaction,HAS_TRANSACTION
C0082,customer,M0015,merchant,PAYS
A0082,account,T000263,transaction,HAS_TRANSACTION
C0097,customer,M0037,merchant,PAYS
A0097,account,T000264,transaction,HAS_TRANSACTION
C0081,customer,A0081,account,OWNS
C0081,customer,D0081,device,USES
C0081,customer,10.82.168.54,ip,CONNECTS_FROM
C0081,customer,M0053,merchant,PAYS
A0081,account,T000265,transaction,HAS_TRANSACTION
C0071,customer,A0071,account,OWNS
C0071,customer,D0071,device,USES
C0071,customer,10.72.98.124,ip,CONNECTS_FROM
C0071,customer,M0014,merchant,PAYS
A0071,account,T000266,transaction,HAS_TRANSACTION
C0027,customer,D0027,device,USES
C0027,customer,M0040,merchant,PAYS
A0027,account,T000267,transaction,HAS_TRANSACTION
C0120,customer,M0030,merchant,PAYS
A0120,account,T000268,transaction,HAS_TRANSACTION
C0070,customer,10.192.25.158,ip,CONNECTS_FROM
C0070,customer,M0045,merchant,PAYS
A0070,account,T000269,transaction,HAS_TRANSACTION
C0010,customer,10.11.71.131,ip,CONNECTS_FROM
C0010,customer,M0041,merchant,PAYS
A0010,account,T000270,transaction,HAS_TRANSACTION
C0087,customer,A0087,account,OWNS
C0087,customer,D0124,device,USES
C0087,customer,10.88.10.132,ip,CONNECTS_FROM
C0087,customer,M0005,merchant,PAYS
A0087,account,T000271,transaction,HAS_TRANSACTION
C0059,customer,A0059,account,OWNS
C0059,customer,D0059,device,USES
C0059,customer,10.60.14.168,ip,CONNECTS_FROM
C0059,customer,M0046,merchant,PAYS
A0059,account,T000272,transaction,HAS_TRANSACTION
C0046,customer,D0126,device,USES
C0046,customer,M0033,merchant,PAYS
A0046,account,T000273,transaction,HAS_TRANSACTION
C0047,customer,M0053,merchant,PAYS
A0047,account,T000274,transaction,HAS_TRANSACTION
C0031,customer,A0031,account,OWNS
C0031,customer,D0031,device,USES
C0031,customer,10.32.18.4,ip,CONNECTS_FROM
C0031,customer,M0033,merchant,PAYS
A0031,account,T000275,transaction,HAS_TRANSACTION
C0026,customer,M0048,merchant,PAYS
A0026,account,T000276,transaction,HAS_TRANSACTION
C0022,customer,10.18.208.137,ip,CONNECTS_FROM
C0022,customer,M0005,merchant,PAYS
A0022,account,T000277,transaction,HAS_TRANSACTION
C0096,customer,M0014,merchant,PAYS
A0096,account,T000278,transaction,HAS_TRANSACTION
C0025,customer,D0195,device,USES
C0025,customer,M0009,merchant,PAYS
A0025,account,T000279,transaction,HAS_TRANSACTION
C0040,customer,D0195,device,USES
C0040,customer,M0052,merchant,PAYS
A0040,account,T000280,transaction,HAS_TRANSACTION
C0041,customer,D0140,device,USES
C0041,customer,M0020,merchant,PAYS
A0041,account,T000281,transaction,HAS_TRANSACTION
C0095,customer,M0037,merchant,PAYS
A0095,account,T000282,transaction,HAS_TRANSACTION
C0023,customer,M0051,merchant,PAYS
A0023,account,T000283,transaction,HAS_TRANSACTION
C0005,customer,M0042,merchant,PAYS
A0005,account,T000284,transaction,HAS_TRANSACTION
C0124,customer,M0003,merchant,PAYS
A0124,account,T000285,transaction,HAS_TRANSACTION
C0037,customer,A0037,account,OWNS
C0037,customer,D0037,device,USES
C0037,customer,10.38.60.82,ip,CONNECTS_FROM
C0037,customer,M0002,merchant,PAYS
A0037,account,T000286,transaction,HAS_TRANSACTION
C0015,customer,M0003,merchant,PAYS
A0015,account,T000287,transaction,HAS_TRANSACTION
C0037,customer,10.251.122.173,ip,CONNECTS_FROM
A0037,account,T000288,transaction,HAS_TRANSACTION
C0063,customer,D0063,device,USES
C0063,customer,M0001,merchant,PAYS
A0063,account,T000289,transaction,HAS_TRANSACTION
C0071,customer,M0015,merchant,PAYS
A0071,account,T000290,transaction,HAS_TRANSACTION
C0069,customer,D0268,device,USES
C0069,customer,10.194.207.233,ip,CONNECTS_FROM
C0069,customer,M0040,merchant,PAYS
A0069,account,T000291,transaction,HAS_TRANSACTION
C0026,customer,M0053,merchant,PAYS
A0026,account,T000292,transaction,HAS_TRANSACTION
C0076,customer,M0000,merchant,PAYS
A0076,account,T000293,transaction,HAS_TRANSACTION
C0017,customer,M0026,merchant,PAYS
A0017,account,T000294,transaction,HAS_TRANSACTION
C0012,customer,D0120,device,USES
C0012,customer,M0039,merchant,PAYS
A0012,account,T000295,transaction,HAS_TRANSACTION
C0016,customer,D0016,device,USES
C0016,customer,10.17.113.9,ip,CONNECTS_FROM
C0016,customer,M0033,merchant,PAYS
A0016,account,T000296,transaction,HAS_TRANSACTION
C0118,customer,M0026,merchant,PAYS
A0118,account,T000297,transaction,HAS_TRANSACTION
C0009,customer,M0012,merchant,PAYS
A0009,account,T000298,transaction,HAS_TRANSACTION
C0017,customer,M0038,merchant,PAYS
A0017,account,T000299,transaction,HAS_TRANSACTION
C0040,customer,M0005,merchant,PAYS
A0040,account,T000300,transaction,HAS_TRANSACTION
C0052,customer,A0052,account,OWNS
C0052,customer,D0052,device,USES
C0052,customer,10.53.165.77,ip,CONNECTS_FROM
C0052,customer,M0040,merchant,PAYS
A0052,account,T000301,transaction,HAS_TRANSACTION
C0119,customer,10.127.121.82,ip,CONNECTS_FROM
C0119,customer,M0024,merchant,PAYS
A0119,account,T000302,transaction,HAS_TRANSACTION
C0025,customer,10.7.205.238,ip,CONNECTS_FROM
C0025,customer,M0030,merchant,PAYS
A0025,account,T000303,transaction,HAS_TRANSACTION
C0092,customer,D0092,device,USES
A0092,account,T000304,transaction,HAS_TRANSACTION
C0116,customer,M0022,merchant,PAYS
A0116,account,T000305,transaction,HAS_TRANSACTION
C0030,customer,M0016,merchant,PAYS
A0030,account,T000306,transaction,HAS_TRANSACTION
C0019,customer,M0032,merchant,PAYS
A0019,account,T000307,transaction,HAS_TRANSACTION
C0014,customer,M0030,merchant,PAYS
A0014,account,T000308,transaction,HAS_TRANSACTION
C0039,customer,M0018,merchant,PAYS
A0039,account,T000309,transaction,HAS_TRANSACTION
C0055,customer,M0020,merchant,PAYS
A0055,account,T000310,transaction,HAS_TRANSACTION
C0037,customer,10.243.169.142,ip,CONNECTS_FROM
C0037,customer,M0011,merchant,PAYS
A0037,account,T000311,transaction,HAS_TRANSACTION
C0054,customer,A0054,account,OWNS
C0054,customer,D0054,device,USES
C0054,customer,10.165.8.63,ip,CONNECTS_FROM
C0054,customer,M0040,merchant,PAYS
A0054,account,T000312,transaction,HAS_TRANSACTION
C0086,customer,A0086,account,OWNS
C0086,customer,D0086,device,USES
C0086,customer,10.87.3.119,ip,CONNECTS_FROM
C0086,customer,M0027,merchant,PAYS
A0086,account,T000313,transaction,HAS_TRANSACTION
C0109,customer,M0027,merchant,PAYS
A0109,account,T000314,transaction,HAS_TRANSACTION
C0029,customer,M0047,merchant,PAYS
A0029,account,T000315,transaction,HAS_TRANSACTION
C0019,customer,10.109.209.185,ip,CONNECTS_FROM
C0019,customer,M0009,merchant,PAYS
A0019,account,T000316,transaction,HAS_TRANSACTION
C0123,customer,M0018,merchant,PAYS
A0123,account,T000317,transaction,HAS_TRANSACTION
C0045,customer,M0018,merchant,PAYS
A0045,account,T000318,transaction,HAS_TRANSACTION
C0000,customer,10.51.230.8,ip,CONNECTS_FROM
C0000,customer,M0004,merchant,PAYS
A0000,account,T000319,transaction,HAS_TRANSACTION
C0091,customer,M0041,merchant,PAYS
A0091,account,T000320,transaction,HAS_TRANSACTION
C0055,customer,M0044,merchant,PAYS
A0055,account,T000321,transaction,HAS_TRANSACTION
C0042,customer,M0010,merchant,PAYS
A0042,account,T000322,transaction,HAS_TRANSACTION
C0036,customer,M0020,merchant,PAYS
A0036,account,T000323,transaction,HAS_TRANSACTION
C0052,customer,M0046,merchant,PAYS
A0052,account,T000324,transaction,HAS_TRANSACTION
C0062,customer,10.154.180.32,ip,CONNECTS_FROM
C0062,customer,M0054,merchant,PAYS
A0062,account,T000325,transaction,HAS_TRANSACTION
C0076,customer,M0033,merchant,PAYS
A0076,account,T000326,transaction,HAS_TRANSACTION
C0084,customer,M0005,merchant,PAYS
A0084,account,T000327,transaction,HAS_TRANSACTION
C0020,customer,M0008,merchant,PAYS
A0020,account,T000328,transaction,HAS_TRANSACTION
C0110,customer,M0053,merchant,PAYS
A0110,account,T000329,transaction,HAS_TRANSACTION
C0035,customer,M0051,merchant,PAYS
A0035,account,T000330,transaction,HAS_TRANSACTION
C0075,customer,D0075,device,USES
C0075,customer,10.128.82.207,ip,CONNECTS_FROM
C0075,customer,M0043,merchant,PAYS
A0075,account,T000331,transaction,HAS_TRANSACTION
C0124,customer,M0007,merchant,PAYS
A0124,account,T000332,transaction,HAS_TRANSACTION
C0093,customer,A0093,account,OWNS
C0093,customer,D0093,device,USES
C0093,customer,10.94.52.10,ip,CONNECTS_FROM
C0093,customer,M0032,merchant,PAYS
A0093,account,T000333,transaction,HAS_TRANSACTION
C0093,customer,M0042,merchant,PAYS
A0093,account,T000334,transaction,HAS_TRANSACTION
C0124,customer,D0119,device,USES
C0124,customer,M0024,merchant,PAYS
A0124,account,T000335,transaction,HAS_TRANSACTION
C0116,customer,M0013,merchant,PAYS
A0116,account,T000336,transaction,HAS_TRANSACTION
C0114,customer,M0033,merchant,PAYS
A0114,account,T000337,transaction,HAS_TRANSACTION
C0034,customer,M0048,merchant,PAYS
A0034,account,T000338,transaction,HAS_TRANSACTION
A0013,account,T000339,transaction,HAS_TRANSACTION
C0066,customer,M0024,merchant,PAYS
A0066,account,T000340,transaction,HAS_TRANSACTION
C0053,customer,M0047,merchant,PAYS
A0053,account,T000341,transaction,HAS_TRANSACTION
C0019,customer,M0049,merchant,PAYS
A0019,account,T000342,transaction,HAS_TRANSACTION
C0052,customer,M0048,merchant,PAYS
A0052,account,T000343,transaction,HAS_TRANSACTION
C0098,customer,A0098,account,OWNS
C0098,customer,D0098,device,USES
C0098,customer,10.99.87.75,ip,CONNECTS_FROM
C0098,customer,M0048,merchant,PAYS
A0098,account,T000344,transaction,HAS_TRANSACTION
C0053,customer,M0020,merchant,PAYS
A0053,account,T000345,transaction,HAS_TRANSACTION
C0077,customer,M0005,merchant,PAYS
A0077,account,T000346,transaction,HAS_TRANSACTION
C0053,customer,M0029,merchant,PAYS
A0053,account,T000347,transaction,HAS_TRANSACTION
C0110,customer,10.187.147.192,ip,CONNECTS_FROM
A0110,account,T000348,transaction,HAS_TRANSACTION
C0073,customer,A0073,account,OWNS
C0073,customer,D0073,device,USES
C0073,customer,10.74.112.150,ip,CONNECTS_FROM
C0073,customer,M0026,merchant,PAYS
A0073,account,T000349,transaction,HAS_TRANSACTION
C0120,customer,10.54.231.114,ip,CONNECTS_FROM
C0120,customer,M0031,merchant,PAYS
A0120,account,T000350,transaction,HAS_TRANSACTION
C0031,customer,M0010,merchant,PAYS
A0031,account,T000351,transaction,HAS_TRANSACTION
C0089,customer,M0047,merchant,PAYS
A0089,account,T000352,transaction,HAS_TRANSACTION
C0046,customer,10.88.61.42,ip,CONNECTS_FROM
C0046,customer,M0054,merchant,PAYS
A0046,account,T000353,transaction,HAS_TRANSACTION
C0007,customer,M0034,merchant,PAYS
A0007,account,T000354,transaction,HAS_TRANSACTION
C0102,customer,M0044,merchant,PAYS
A0102,account,T000355,transaction,HAS_TRANSACTION
C0052,customer,D0113,device,USES
C0052,customer,10.135.33.236,ip,CONNECTS_FROM
C0052,customer,M0019,merchant,PAYS
A0052,account,T000356,transaction,HAS_TRANSACTION
C0002,customer,M0042,merchant,PAYS
A0002,account,T000357,transaction,HAS_TRANSACTION
C0025,customer,M0036,merchant,PAYS
A0025,account,T000358,transaction,HAS_TRANSACTION
C0070,customer,M0017,merchant,PAYS
A0070,account,T000359,transaction,HAS_TRANSACTION
C0079,customer,M0042,merchant,PAYS
A0079,account,T000360,transaction,HAS_TRANSACTION
C0040,customer,M0022,merchant,PAYS
A0040,account,T000361,transaction,HAS_TRANSACTION
C0085,customer,M0047,merchant,PAYS
A0085,account,T000362,transaction,HAS_TRANSACTION
C0046,customer,M0029,merchant,PAYS
A0046,account,T000363,transaction,HAS_TRANSACTION
C0032,customer,M0023,merchant,PAYS
A0032,account,T000364,transaction,HAS_TRANSACTION
C0027,customer,M0009,merchant,PAYS
A0027,account,T000365,transaction,HAS_TRANSACTION
C0102,customer,M0006,merchant,PAYS
A0102,account,T000366,transaction,HAS_TRANSACTION
C0089,customer,10.58.10.147,ip,CONNECTS_FROM
C0089,customer,M0054,merchant,PAYS
A0089,account,T000367,transaction,HAS_TRANSACTION
C0017,customer,10.242.158.189,ip,CONNECTS_FROM
C0017,customer,M0002,merchant,PAYS
A0017,account,T000368,transaction,HAS_TRANSACTION
C0094,customer,D0094,device,USES
C0094,customer,M0038,merchant,PAYS
A0094,account,T000369,transaction,HAS_TRANSACTION
C0102,customer,M0030,merchant,PAYS
A0102,account,T000370,transaction,HAS_TRANSACTION
C0096,customer,M0023,merchant,PAYS
A0096,account,T000371,transaction,HAS_TRANSACTION
C0067,customer,D0326,device,USES
C0067,customer,M0029,merchant,PAYS
A0067,account,T000372,transaction,HAS_TRANSACTION
C0032,customer,M0004,merchant,PAYS
A0032,account,T000373,transaction,HAS_TRANSACTION
C0022,customer,M0016,merchant,PAYS
A0022,account,T000374,transaction,HAS_TRANSACTION
C0089,customer,D0066,device,USES
C0089,customer,M0052,merchant,PAYS
A0089,account,T000375,transaction,HAS_TRANSACTION
C0086,customer,M0036,merchant,PAYS
A0086,account,T000376,transaction,HAS_TRANSACTION
C0123,customer,M0028,merchant,PAYS
A0123,account,T000377,transaction,HAS_TRANSACTION
C0081,customer,M0000,merchant,PAYS
A0081,account,T000378,transaction,HAS_TRANSACTION
C0058,customer,M0054,merchant,PAYS
A0058,account,T000379,transaction,HAS_TRANSACTION
C0011,customer,M0019,merchant,PAYS
A0011,account,T000380,transaction,HAS_TRANSACTION
C0023,customer,M0014,merchant,PAYS
A0023,account,T000381,transaction,HAS_TRANSACTION
A0070,account,T000382,transaction,HAS_TRANSACTION
C0091,customer,M0043,merchant,PAYS
A0091,account,T000383,transaction,HAS_TRANSACTION
C0044,customer,M0017,merchant,PAYS
A0044,account,T000384,transaction,HAS_TRANSACTION
C0055,customer,D0375,device,USES
C0055,customer,M0026,merchant,PAYS
A0055,account,T000385,transaction,HAS_TRANSACTION
C0089,customer,M0036,merchant,PAYS
A0089,account,T000386,transaction,HAS_TRANSACTION
C0053,customer,M0044,merchant,PAYS
A0053,account,T000387,transaction,HAS_TRANSACTION
C0035,customer,M0035,merchant,PAYS
A0035,account,T000388,transaction,HAS_TRANSACTION
C0050,customer,M0009,merchant,PAYS
A0050,account,T000389,transaction,HAS_TRANSACTION
C0110,customer,M0050,merchant,PAYS
A0110,account,T000390,transaction,HAS_TRANSACTION
C0104,customer,M0008,merchant,PAYS
A0104,account,T000391,transaction,HAS_TRANSACTION
C0054,customer,D0279,device,USES
C0054,customer,10.55.179.103,ip,CONNECTS_FROM
C0054,customer,M0052,merchant,PAYS
A0054,account,T000392,transaction,HAS_TRANSACTION
C0077,customer,M0045,merchant,PAYS
A0077,account,T000393,transaction,HAS_TRANSACTION
C0039,customer,M0021,merchant,PAYS
A0039,account,T000394,transaction,HAS_TRANSACTION
C0059,customer,M0002,merchant,PAYS
A0059,account,T000395,transaction,HAS_TRANSACTION
C0009,customer,M0000,merchant,PAYS
A0009,account,T000396,transaction,HAS_TRANSACTION
C0007,customer,M0054,merchant,PAYS
A0007,account,T000397,transaction,HAS_TRANSACTION
C0006,customer,M0012,merchant,PAYS
A0006,account,T000398,transaction,HAS_TRANSACTION
C0020,customer,M0021,merchant,PAYS
A0020,account,T000399,transaction,HAS_TRANSACTION
C0031,customer,M0030,merchant,PAYS
A0031,account,T000400,transaction,HAS_TRANSACTION
C0110,customer,D0349,device,USES
C0110,customer,M0035,merchant,PAYS
A0110,account,T000401,transaction,HAS_TRANSACTION
C0051,customer,M0039,merchant,PAYS
A0051,account,T000402,transaction,HAS_TRANSACTION
C0021,customer,D0021,device,USES
C0021,customer,M0033,merchant,PAYS
A0021,account,T000403,transaction,HAS_TRANSACTION
C0007,customer,M0024,merchant,PAYS
A0007,account,T000404,transaction,HAS_TRANSACTION
C0084,customer,M0016,merchant,PAYS
A0084,account,T000405,transaction,HAS_TRANSACTION
C0089,customer,M0033,merchant,PAYS
A0089,account,T000406,transaction,HAS_TRANSACTION
C0096,customer,M0025,merchant,PAYS
A0096,account,T000407,transaction,HAS_TRANSACTION
C0057,customer,M0027,merchant,PAYS
A0057,account,T000408,transaction,HAS_TRANSACTION
C0042,customer,M0003,merchant,PAYS
A0042,account,T000409,transaction,HAS_TRANSACTION
C0034,customer,M0037,merchant,PAYS
A0034,account,T000410,transaction,HAS_TRANSACTION
C0099,customer,A0099,account,OWNS
C0099,customer,D0099,device,USES
C0099,customer,10.100.94.88,ip,CONNECTS_FROM
C0099,customer,M0048,merchant,PAYS
A0099,account,T000411,transaction,HAS_TRANSACTION
C0120,customer,M0000,merchant,PAYS
A0120,account,T000412,transaction,HAS_TRANSACTION
C0027,customer,M0004,merchant,PAYS
A0027,account,T000413,transaction,HAS_TRANSACTION
C0055,customer,M0013,merchant,PAYS
A0055,account,T000414,transaction,HAS_TRANSACTION
C0048,customer,D0276,device,USES
C0048,customer,M0028,merchant,PAYS
A0048,account,T000415,transaction,HAS_TRANSACTION
C0000,customer,M0021,merchant,PAYS
A0000,account,T000416,transaction,HAS_TRANSACTION
C0007,customer,M0046,merchant,PAYS
A0007,account,T000417,transaction,HAS_TRANSACTION
C0008,customer,M0001,merchant,PAYS
A0008,account,T000418,transaction,HAS_TRANSACTION
C0015,customer,10.253.195.116,ip,CONNECTS_FROM
C0015,customer,M0040,merchant,PAYS
A0015,account,T000419,transaction,HAS_TRANSACTION
C0073,customer,10.14.132.80,ip,CONNECTS_FROM
C0073,customer,M0038,merchant,PAYS
A0073,account,T000420,transaction,HAS_TRANSACTION
C0111,customer,M0053,merchant,PAYS
A0111,account,T000421,transaction,HAS_TRANSACTION
C0014,customer,M0039,merchant,PAYS
A0014,account,T000422,transaction,HAS_TRANSACTION
C0065,customer,M0028,merchant,PAYS
A0065,account,T000423,transaction,HAS_TRANSACTION
C0067,customer,M0011,merchant,PAYS
A0067,account,T000424,transaction,HAS_TRANSACTION
C0094,customer,M0028,merchant,PAYS
A0094,account,T000425,transaction,HAS_TRANSACTION
C0059,customer,M0020,merchant,PAYS
A0059,account,T000426,transaction,HAS_TRANSACTION
C0032,customer,M0028,merchant,PAYS
A0032,account,T000427,transaction,HAS_TRANSACTION
C0028,customer,M0013,merchant,PAYS
A0028,account,T000428,transaction,HAS_TRANSACTION
C0103,customer,M0021,merchant,PAYS
A0103,account,T000429,transaction,HAS_TRANSACTION
C0019,customer,M0037,merchant,PAYS
A0019,account,T000430,transaction,HAS_TRANSACTION
C0071,customer,M0053,merchant,PAYS
A0071,account,T000431,transaction,HAS_TRANSACTION
C0005,customer,M0053,merchant,PAYS
A0005,account,T000432,transaction,HAS_TRANSACTION
C0082,customer,D0461,device,USES
A0082,account,T000433,transaction,HAS_TRANSACTION
C0067,customer,D0224,device,USES
C0067,customer,M0025,merchant,PAYS
A0067,account,T000434,transaction,HAS_TRANSACTION
C0035,customer,M0028,merchant,PAYS
A0035,account,T000435,transaction,HAS_TRANSACTION
C0033,customer,M0042,merchant,PAYS
A0033,account,T000436,transaction,HAS_TRANSACTION
C0057,customer,M0021,merchant,PAYS
A0057,account,T000437,transaction,HAS_TRANSACTION
C0121,customer,M0006,merchant,PAYS
A0121,account,T000438,transaction,HAS_TRANSACTION
C0010,customer,M0030,merchant,PAYS
A0010,account,T000439,transaction,HAS_TRANSACTION
C0068,customer,A0068,account,OWNS
C0068,customer,D0068,device,USES
C0068,customer,10.69.77.85,ip,CONNECTS_FROM
C0068,customer,M0027,merchant,PAYS
A0068,account,T000440,transaction,HAS_TRANSACTION
C0012,customer,10.93.174.126,ip,CONNECTS_FROM
C0012,customer,M0019,merchant,PAYS
A0012,account,T000441,transaction,HAS_TRANSACTION
C0090,customer,M0026,merchant,PAYS
A0090,account,T000442,transaction,HAS_TRANSACTION
C0049,customer,D0012,device,USES
C0049,customer,M0015,merchant,PAYS
A0049,account,T000443,transaction,HAS_TRANSACTION
C0094,customer,M0004,merchant,PAYS
A0094,account,T000444,transaction,HAS_TRANSACTION
C0038,customer,M0037,merchant,PAYS
A0038,account,T000445,transaction,HAS_TRANSACTION
C0067,customer,D0384,device,USES
C0067,customer,M0010,merchant,PAYS
A0067,account,T000446,transaction,HAS_TRANSACTION
C0050,customer,M0011,merchant,PAYS
A0050,account,T000447,transaction,HAS_TRANSACTION
C0115,customer,M0051,merchant,PAYS
A0115,account,T000448,transaction,HAS_TRANSACTION
C0053,customer,M0016,merchant,PAYS
A0053,account,T000449,transaction,HAS_TRANSACTION
C0055,customer,D0376,device,USES
C0055,customer,M0035,merchant,PAYS
A0055,account,T000450,transaction,HAS_TRANSACTION
C0041,customer,M0017,merchant,PAYS
A0041,account,T000451,transaction,HAS_TRANSACTION
C0042,customer,M0000,merchant,PAYS
A0042,account,T000452,transaction,HAS_TRANSACTION
C0124,customer,M0011,merchant,PAYS
A0124,account,T000453,transaction,HAS_TRANSACTION
C0098,customer,M0047,merchant,PAYS
A0098,account,T000454,transaction,HAS_TRANSACTION
C0056,customer,M0051,merchant,PAYS
A0056,account,T000455,transaction,HAS_TRANSACTION
C0124,customer,M0001,merchant,PAYS
A0124,account,T000456,transaction,HAS_TRANSACTION
C0109,customer,M0042,merchant,PAYS
A0109,account,T000457,transaction,HAS_TRANSACTION
C0096,customer,M0040,merchant,PAYS
A0096,account,T000458,transaction,HAS_TRANSACTION
C0050,customer,10.249.113.194,ip,CONNECTS_FROM
C0050,customer,M0018,merchant,PAYS
A0050,account,T000459,transaction,HAS_TRANSACTION
C0010,customer,M0013,merchant,PAYS
A0010,account,T000460,transaction,HAS_TRANSACTION
C0024,customer,M0024,merchant,PAYS
A0024,account,T000461,transaction,HAS_TRANSACTION
C0008,customer,M0022,merchant,PAYS
A0008,account,T000462,transaction,HAS_TRANSACTION
C0029,customer,M0007,merchant,PAYS
A0029,account,T000463,transaction,HAS_TRANSACTION
C0097,customer,M0032,merchant,PAYS
A0097,account,T000464,transaction,HAS_TRANSACTION
C0003,customer,D0182,device,USES
C0003,customer,M0022,merchant,PAYS
A0003,account,T000465,transaction,HAS_TRANSACTION
C0062,customer,M0037,merchant,PAYS
A0062,account,T000466,transaction,HAS_TRANSACTION
C0005,customer,M0052,merchant,PAYS
A0005,account,T000467,transaction,HAS_TRANSACTION
C0096,customer,D0327,device,USES
C0096,customer,M0012,merchant,PAYS
A0096,account,T000468,transaction,HAS_TRANSACTION
C0043,customer,M0041,merchant,PAYS
A0043,account,T000469,transaction,HAS_TRANSACTION
A0055,account,T000470,transaction,HAS_TRANSACTION
C0101,customer,D0101,device,USES
C0101,customer,M0022,merchant,PAYS
A0101,account,T000471,transaction,HAS_TRANSACTION
C0082,customer,M0023,merchant,PAYS
A0082,account,T000472,transaction,HAS_TRANSACTION
C0034,customer,M0009,merchant,PAYS
A0034,account,T000473,transaction,HAS_TRANSACTION
C0074,customer,M0037,merchant,PAYS
A0074,account,T000474,transaction,HAS_TRANSACTION
C0001,customer,D0001,device,USES
C0001,customer,10.2.8.14,ip,CONNECTS_FROM
C0001,customer,M0014,merchant,PAYS
A0001,account,T000475,transaction,HAS_TRANSACTION
A0093,account,T000476,transaction,HAS_TRANSACTION
C0057,customer,M0006,merchant,PAYS
A0057,account,T000477,transaction,HAS_TRANSACTION
C0074,customer,M0016,merchant,PAYS
A0074,account,T000478,transaction,HAS_TRANSACTION
C0073,customer,M0017,merchant,PAYS
A0073,account,T000479,transaction,HAS_TRANSACTION
C0044,customer,M0005,merchant,PAYS
A0044,account,T000480,transaction,HAS_TRANSACTION
C0059,customer,M0024,merchant,PAYS
A0059,account,T000481,transaction,HAS_TRANSACTION
C0099,customer,M0007,merchant,PAYS
A0099,account,T000482,transaction,HAS_TRANSACTION
C0056,customer,M0011,merchant,PAYS
A0056,account,T000483,transaction,HAS_TRANSACTION
C0093,customer,M0036,merchant,PAYS
A0093,account,T000484,transaction,HAS_TRANSACTION
C0106,customer,A0106,account,OWNS
C0106,customer,D0106,device,USES
C0106,customer,10.107.143.179,ip,CONNECTS_FROM
C0106,customer,M0011,merchant,PAYS
A0106,account,T000485,transaction,HAS_TRANSACTION
C0031,customer,M0034,merchant,PAYS
A0031,account,T000486,transaction,HAS_TRANSACTION
C0074,customer,M0026,merchant,PAYS
A0074,account,T000487,transaction,HAS_TRANSACTION
C0077,customer,M0013,merchant,PAYS
A0077,account,T000488,transaction,HAS_TRANSACTION
C0089,customer,M0011,merchant,PAYS
A0089,account,T000489,transaction,HAS_TRANSACTION
C0077,customer,M0034,merchant,PAYS
A0077,account,T000490,transaction,HAS_TRANSACTION
C0058,customer,D0053,device,USES
C0058,customer,M0050,merchant,PAYS
A0058,account,T000491,transaction,HAS_TRANSACTION
C0041,customer,D0125,device,USES
C0041,customer,M0018,merchant,PAYS
A0041,account,T000492,transaction,HAS_TRANSACTION
C0114,customer,M0009,merchant,PAYS
A0114,account,T000493,transaction,HAS_TRANSACTION
C0020,customer,M0038,merchant,PAYS
A0020,account,T000494,transaction,HAS_TRANSACTION
A0025,account,T000495,transaction,HAS_TRANSACTION
C0104,customer,M0043,merchant,PAYS
A0104,account,T000496,transaction,HAS_TRANSACTION
C0106,customer,M0046,merchant,PAYS
A0106,account,T000497,transaction,HAS_TRANSACTION
C0110,customer,M0030,merchant,PAYS
A0110,account,T000498,transaction,HAS_TRANSACTION
C0120,customer,M0008,merchant,PAYS
A0120,account,T000499,transaction,HAS_TRANSACTION
A0034,account,T000500,transaction,HAS_TRANSACTION
C0115,customer,M0013,merchant,PAYS
A0115,account,T000501,transaction,HAS_TRANSACTION
A0074,account,T000502,transaction,HAS_TRANSACTION
C0072,customer,D0040,device,USES
C0072,customer,M0022,merchant,PAYS
A0072,account,T000503,transaction,HAS_TRANSACTION
C0051,customer,10.6.142.4,ip,CONNECTS_FROM
C0051,customer,M0037,merchant,PAYS
A0051,account,T000504,transaction,HAS_TRANSACTION
C0070,customer,M0012,merchant,PAYS
A0070,account,T000505,transaction,HAS_TRANSACTION
C0043,customer,10.44.22.30,ip,CONNECTS_FROM
C0043,customer,M0050,merchant,PAYS
A0043,account,T000506,transaction,HAS_TRANSACTION
C0063,customer,M0043,merchant,PAYS
A0063,account,T000507,transaction,HAS_TRANSACTION
C0063,customer,M0053,merchant,PAYS
A0063,account,T000508,transaction,HAS_TRANSACTION
C0006,customer,M0030,merchant,PAYS
A0006,account,T000509,transaction,HAS_TRANSACTION
C0104,customer,D0384,device,USES
C0104,customer,M0015,merchant,PAYS
A0104,account,T000510,transaction,HAS_TRANSACTION
C0007,customer,M0016,merchant,PAYS
A0007,account,T000511,transaction,HAS_TRANSACTION
C0051,customer,M0013,merchant,PAYS
A0051,account,T000512,transaction,HAS_TRANSACTION
C0117,customer,A0117,account,OWNS
C0117,customer,D0117,device,USES
C0117,customer,10.118.20.122,ip,CONNECTS_FROM
C0117,customer,M0002,merchant,PAYS
A0117,account,T000513,transaction,HAS_TRANSACTION
C0082,customer,M0006,merchant,PAYS
A0082,account,T000514,transaction,HAS_TRANSACTION
C0093,customer,M0033,merchant,PAYS
A0093,account,T000515,transaction,HAS_TRANSACTION
C0043,customer,M0009,merchant,PAYS
A0043,account,T000516,transaction,HAS_TRANSACTION
C0006,customer,M0013,merchant,PAYS
A0006,account,T000517,transaction,HAS_TRANSACTION
C0056,customer,M0027,merchant,PAYS
A0056,account,T000518,transaction,HAS_TRANSACTION
C0099,customer,M0024,merchant,PAYS
A0099,account,T000519,transaction,HAS_TRANSACTION
C0050,customer,M0021,merchant,PAYS
A0050,account,T000520,transaction,HAS_TRANSACTION
C0013,customer,M0002,merchant,PAYS
A0013,account,T000521,transaction,HAS_TRANSACTION
C0081,customer,M0003,merchant,PAYS
A0081,account,T000522,transaction,HAS_TRANSACTION
C0053,customer,M0048,merchant,PAYS
A0053,account,T000523,transaction,HAS_TRANSACTION
C0016,customer,D0458,device,USES
C0016,customer,M0045,merchant,PAYS
A0016,account,T000524,transaction,HAS_TRANSACTION
C0072,customer,10.84.77.247,ip,CONNECTS_FROM
C0072,customer,M0054,merchant,PAYS
A0072,account,T000525,transaction,HAS_TRANSACTION
C0098,customer,M0034,merchant,PAYS
A0098,account,T000526,transaction,HAS_TRANSACTION
C0035,customer,M0040,merchant,PAYS
A0035,account,T000527,transaction,HAS_TRANSACTION
A0044,account,T000528,transaction,HAS_TRANSACTION
C0016,customer,D0198,device,USES
C0016,customer,M0018,merchant,PAYS
A0016,account,T000529,transaction,HAS_TRANSACTION
C0005,customer,10.196.112.38,ip,CONNECTS_FROM
C0005,customer,M0032,merchant,PAYS
A0005,account,T000530,transaction,HAS_TRANSACTION
C0035,customer,M0013,merchant,PAYS
A0035,account,T000531,transaction,HAS_TRANSACTION
C0106,customer,M0016,merchant,PAYS
A0106,account,T000532,transaction,HAS_TRANSACTION
C0094,customer,D0147,device,USES
C0094,customer,M0051,merchant,PAYS
A0094,account,T000533,transaction,HAS_TRANSACTION
C0080,customer,D0240,device,USES
C0080,customer,10.225.61.109,ip,CONNECTS_FROM
C0080,customer,M0021,merchant,PAYS
A0080,account,T000534,transaction,HAS_TRANSACTION
C0102,customer,M0001,merchant,PAYS
A0102,account,T000535,transaction,HAS_TRANSACTION
C0103,customer,M0014,merchant,PAYS
A0103,account,T000536,transaction,HAS_TRANSACTION
C0036,customer,10.237.2.118,ip,CONNECTS_FROM
C0036,customer,M0023,merchant,PAYS
A0036,account,T000537,transaction,HAS_TRANSACTION
C0085,customer,M0040,merchant,PAYS
A0085,account,T000538,transaction,HAS_TRANSACTION
C0094,customer,M0012,merchant,PAYS
A0094,account,T000539,transaction,HAS_TRANSACTION
A0058,account,T000540,transaction,HAS_TRANSACTION
C0016,customer,10.165.38.153,ip,CONNECTS_FROM
C0016,customer,M0019,merchant,PAYS
A0016,account,T000541,transaction,HAS_TRANSACTION
C0091,customer,10.194.40.19,ip,CONNECTS_FROM
C0091,customer,M0007,merchant,PAYS
A0091,account,T000542,transaction,HAS_TRANSACTION
C0120,customer,M0036,merchant,PAYS
A0120,account,T000543,transaction,HAS_TRANSACTION
C0119,customer,M0051,merchant,PAYS
A0119,account,T000544,transaction,HAS_TRANSACTION
C0013,customer,M0043,merchant,PAYS
A0013,account,T000545,transaction,HAS_TRANSACTION
C0079,customer,M0003,merchant,PAYS
A0079,account,T000546,transaction,HAS_TRANSACTION
C0094,customer,M0001,merchant,PAYS
A0094,account,T000547,transaction,HAS_TRANSACTION
C0017,customer,M0013,merchant,PAYS
A0017,account,T000548,transaction,HAS_TRANSACTION
C0120,customer,M0034,merchant,PAYS
A0120,account,T000549,transaction,HAS_TRANSACTION
C0003,customer,M0024,merchant,PAYS
A0003,account,T000550,transaction,HAS_TRANSACTION
C0025,customer,M0034,merchant,PAYS
A0025,account,T000551,transaction,HAS_TRANSACTION
C0006,customer,M0007,merchant,PAYS
A0006,account,T000552,transaction,HAS_TRANSACTION
C0104,customer,M0019,merchant,PAYS
A0104,account,T000553,transaction,HAS_TRANSACTION
A0120,account,T000554,transaction,HAS_TRANSACTION
C0111,customer,M0015,merchant,PAYS
A0111,account,T000555,transaction,HAS_TRANSACTION
C0041,customer,D0129,device,USES
C0041,customer,M0014,merchant,PAYS
A0041,account,T000556,transaction,HAS_TRANSACTION
C0092,customer,M0010,merchant,PAYS
A0092,account,T000557,transaction,HAS_TRANSACTION
C0016,customer,M0038,merchant,PAYS
A0016,account,T000558,transaction,HAS_TRANSACTION
C0089,customer,M0051,merchant,PAYS
A0089,account,T000559,transaction,HAS_TRANSACTION
C0114,customer,D0284,device,USES
A0114,account,T000560,transaction,HAS_TRANSACTION
C0056,customer,M0050,merchant,PAYS
A0056,account,T000561,transaction,HAS_TRANSACTION
C0005,customer,M0012,merchant,PAYS
A0005,account,T000562,transaction,HAS_TRANSACTION
C0008,customer,M0000,merchant,PAYS
A0008,account,T000563,transaction,HAS_TRANSACTION
C0007,customer,M0003,merchant,PAYS
A0007,account,T000564,transaction,HAS_TRANSACTION
C0088,customer,M0034,merchant,PAYS
A0088,account,T000565,transaction,HAS_TRANSACTION
C0103,customer,M0004,merchant,PAYS
A0103,account,T000566,transaction,HAS_TRANSACTION
A0036,account,T000567,transaction,HAS_TRANSACTION
C0016,customer,M0036,merchant,PAYS
A0016,account,T000568,transaction,HAS_TRANSACTION
C0045,customer,D0290,device,USES
C0045,customer,M0015,merchant,PAYS
A0045,account,T000569,transaction,HAS_TRANSACTION
A0093,account,T000570,transaction,HAS_TRANSACTION
C0068,customer,M0000,merchant,PAYS
A0068,account,T000571,transaction,HAS_TRANSACTION
C0043,customer,M0036,merchant,PAYS
A0043,account,T000572,transaction,HAS_TRANSACTION
C0077,customer,10.157.245.175,ip,CONNECTS_FROM
C0077,customer,M0035,merchant,PAYS
A0077,account,T000573,transaction,HAS_TRANSACTION
C0121,customer,M0005,merchant,PAYS
A0121,account,T000574,transaction,HAS_TRANSACTION
C0081,customer,M0032,merchant,PAYS
A0081,account,T000575,transaction,HAS_TRANSACTION
C0113,customer,A0113,account,OWNS
C0113,customer,D0306,device,USES
C0113,customer,10.114.192.70,ip,CONNECTS_FROM
C0113,customer,M0013,merchant,PAYS
A0113,account,T000576,transaction,HAS_TRANSACTION
C0063,customer,D0033,device,USES
C0063,customer,10.13.246.59,ip,CONNECTS_FROM
C0063,customer,M0002,merchant,PAYS
A0063,account,T000577,transaction,HAS_TRANSACTION
C0010,customer,M0002,merchant,PAYS
A0010,account,T000578,transaction,HAS_TRANSACTION
C0116,customer,M0035,merchant,PAYS
A0116,account,T000579,transaction,HAS_TRANSACTION
C0122,customer,M0028,merchant,PAYS
A0122,account,T000580,transaction,HAS_TRANSACTION
C0124,customer,M0004,merchant,PAYS
A0124,account,T000581,transaction,HAS_TRANSACTION
C0094,customer,M0045,merchant,PAYS
A0094,account,T000582,transaction,HAS_TRANSACTION
C0113,customer,D0113,device,USES
C0113,customer,M0037,merchant,PAYS
A0113,account,T000583,transaction,HAS_TRANSACTION
C0096,customer,M0045,merchant,PAYS
A0096,account,T000584,transaction,HAS_TRANSACTION
C0065,customer,M0017,merchant,PAYS
A0065,account,T000585,transaction,HAS_TRANSACTION
C0056,customer,M0020,merchant,PAYS
A0056,account,T000586,transaction,HAS_TRANSACTION
C0037,customer,M0048,merchant,PAYS
A0037,account,T000587,transaction,HAS_TRANSACTION
C0047,customer,M0048,merchant,PAYS
A0047,account,T000588,transaction,HAS_TRANSACTION
C0098,customer,M0023,merchant,PAYS
A0098,account,T000589,transaction,HAS_TRANSACTION
A0116,account,T000590,transaction,HAS_TRANSACTION
C0103,customer,M0030,merchant,PAYS
A0103,account,T000591,transaction,HAS_TRANSACTION
C0068,customer,M0033,merchant,PAYS
A0068,account,T000592,transaction,HAS_TRANSACTION
C0119,customer,M0040,merchant,PAYS
A0119,account,T000593,transaction,HAS_TRANSACTION
C0066,customer,M0046,merchant,PAYS
A0066,account,T000594,transaction,HAS_TRANSACTION
C0104,customer,M0014,merchant,PAYS
A0104,account,T000595,transaction,HAS_TRANSACTION
A0089,account,T000596,transaction,HAS_TRANSACTION
C0097,customer,M0007,merchant,PAYS
A0097,account,T000597,transaction,HAS_TRANSACTION
C0091,customer,10.208.163.63,ip,CONNECTS_FROM
C0091,customer,M0046,merchant,PAYS
A0091,account,T000598,transaction,HAS_TRANSACTION
C0070,customer,M0021,merchant,PAYS
A0070,account,T000599,transaction,HAS_TRANSACTION
C0004,customer,M0035,merchant,PAYS
A0004,account,T000600,transaction,HAS_TRANSACTION
C0005,customer,M0036,merchant,PAYS
A0005,account,T000601,transaction,HAS_TRANSACTION
C0062,customer,M0007,merchant,PAYS
A0062,account,T000602,transaction,HAS_TRANSACTION
C0092,customer,D0267,device,USES
C0092,customer,M0037,merchant,PAYS
A0092,account,T000603,transaction,HAS_TRANSACTION
C0016,customer,M0037,merchant,PAYS
A0016,account,T000604,transaction,HAS_TRANSACTION
C0080,customer,D0054,device,USES
C0080,customer,M0053,merchant,PAYS
A0080,account,T000605,transaction,HAS_TRANSACTION
C0044,customer,M0030,merchant,PAYS
A0044,account,T000606,transaction,HAS_TRANSACTION
C0047,customer,M0050,merchant,PAYS
A0047,account,T000607,transaction,HAS_TRANSACTION
C0055,customer,D0411,device,USES
C0055,customer,10.132.227.187,ip,CONNECTS_FROM
C0055,customer,M0007,merchant,PAYS
A0055,account,T000608,transaction,HAS_TRANSACTION
C0018,customer,M0025,merchant,PAYS
A0018,account,T000609,transaction,HAS_TRANSACTION
C0109,customer,M0022,merchant,PAYS
A0109,account,T000610,transaction,HAS_TRANSACTION
C0058,customer,M0021,merchant,PAYS
A0058,account,T000611,transaction,HAS_TRANSACTION
C0106,customer,M0036,merchant,PAYS
A0106,account,T000612,transaction,HAS_TRANSACTION
C0035,customer,M0016,merchant,PAYS
A0035,account,T000613,transaction,HAS_TRANSACTION
C0009,customer,M0006,merchant,PAYS
A0009,account,T000614,transaction,HAS_TRANSACTION
C0008,customer,M0051,merchant,PAYS
A0008,account,T000615,transaction,HAS_TRANSACTION
C0004,customer,M0007,merchant,PAYS
A0004,account,T000616,transaction,HAS_TRANSACTION
C0002,customer,M0030,merchant,PAYS
A0002,account,T000617,transaction,HAS_TRANSACTION
C0000,customer,M0028,merchant,PAYS
A0000,account,T000618,transaction,HAS_TRANSACTION
C0059,customer,M0021,merchant,PAYS
A0059,account,T000619,transaction,HAS_TRANSACTION
A0042,account,T000620,transaction,HAS_TRANSACTION
C0090,customer,10.167.49.221,ip,CONNECTS_FROM
C0090,customer,M0010,merchant,PAYS
A0090,account,T000621,transaction,HAS_TRANSACTION
C0011,customer,M0017,merchant,PAYS
A0011,account,T000622,transaction,HAS_TRANSACTION
C0090,customer,M0030,merchant,PAYS
A0090,account,T000623,transaction,HAS_TRANSACTION
C0000,customer,M0046,merchant,PAYS
A0000,account,T000624,transaction,HAS_TRANSACTION
C0082,customer,M0053,merchant,PAYS
A0082,account,T000625,transaction,HAS_TRANSACTION
C0044,customer,M0044,merchant,PAYS
A0044,account,T000626,transaction,HAS_TRANSACTION
A0089,account,T000627,transaction,HAS_TRANSACTION
C0059,customer,10.201.14.129,ip,CONNECTS_FROM
C0059,customer,M0023,merchant,PAYS
A0059,account,T000628,transaction,HAS_TRANSACTION
C0048,customer,D0048,device,USES
A0048,account,T000629,transaction,HAS_TRANSACTION
C0034,customer,M0029,merchant,PAYS
A0034,account,T000630,transaction,HAS_TRANSACTION
C0070,customer,M0028,merchant,PAYS
A0070,account,T000631,transaction,HAS_TRANSACTION
C0061,customer,M0034,merchant,PAYS
A0061,account,T000632,transaction,HAS_TRANSACTION
C0002,customer,M0027,merchant,PAYS
A0002,account,T000633,transaction,HAS_TRANSACTION
C0021,customer,M0016,merchant,PAYS
A0021,account,T000634,transaction,HAS_TRANSACTION
C0089,customer,M0013,merchant,PAYS
A0089,account,T000635,transaction,HAS_TRANSACTION
A0009,account,T000636,transaction,HAS_TRANSACTION
C0090,customer,M0021,merchant,PAYS
A0090,account,T000637,transaction,HAS_TRANSACTION
C0024,customer,D0280,device,USES
C0024,customer,M0048,merchant,PAYS
A0024,account,T000638,transaction,HAS_TRANSACTION
C0123,customer,M0042,merchant,PAYS
A0123,account,T000639,transaction,HAS_TRANSACTION
C0075,customer,M0008,merchant,PAYS
A0075,account,T000640,transaction,HAS_TRANSACTION
C0019,customer,M0027,merchant,PAYS
A0019,account,T000641,transaction,HAS_TRANSACTION
C0075,customer,M0033,merchant,PAYS
A0075,account,T000642,transaction,HAS_TRANSACTION
C0008,customer,D0124,device,USES
C0008,customer,M0025,merchant,PAYS
A0008,account,T000643,transaction,HAS_TRANSACTION
C0042,customer,M0048,merchant,PAYS
A0042,account,T000644,transaction,HAS_TRANSACTION
C0119,customer,D0051,device,USES
C0119,customer,M0041,merchant,PAYS
A0119,account,T000645,transaction,HAS_TRANSACTION
C0117,customer,M0050,merchant,PAYS
A0117,account,T000646,transaction,HAS_TRANSACTION
C0029,customer,M0015,merchant,PAYS
A0029,account,T000647,transaction,HAS_TRANSACTION
C0045,customer,M0028,merchant,PAYS
A0045,account,T000648,transaction,HAS_TRANSACTION
C0023,customer,10.223.100.52,ip,CONNECTS_FROM
C0023,customer,M0007,merchant,PAYS
A0023,account,T000649,transaction,HAS_TRANSACTION
C0075,customer,M0029,merchant,PAYS
A0075,account,T000650,transaction,HAS_TRANSACTION
C0018,customer,D0097,device,USES
C0018,customer,M0035,merchant,PAYS
A0018,account,T000651,transaction,HAS_TRANSACTION
C0054,customer,M0017,merchant,PAYS
A0054,account,T000652,transaction,HAS_TRANSACTION
A0086,account,T000653,transaction,HAS_TRANSACTION
C0017,customer,M0032,merchant,PAYS
A0017,account,T000654,transaction,HAS_TRANSACTION
C0106,customer,D0313,device,USES
A0106,account,T000655,transaction,HAS_TRANSACTION
A0058,account,T000656,transaction,HAS_TRANSACTION
C0012,customer,M0008,merchant,PAYS
A0012,account,T000657,transaction,HAS_TRANSACTION
C0044,customer,D0124,device,USES
C0044,customer,M0022,merchant,PAYS
A0044,account,T000658,transaction,HAS_TRANSACTION
C0014,customer,M0019,merchant,PAYS
A0014,account,T000659,transaction,HAS_TRANSACTION
C0091,customer,M0025,merchant,PAYS
A0091,account,T000660,transaction,HAS_TRANSACTION
C0072,customer,M0008,merchant,PAYS
A0072,account,T000661,transaction,HAS_TRANSACTION
C0114,customer,M0010,merchant,PAYS
A0114,account,T000662,transaction,HAS_TRANSACTION
C0095,customer,M0043,merchant,PAYS
A0095,account,T000663,transaction,HAS_TRANSACTION
C0081,customer,D0120,device,USES
C0081,customer,M0024,merchant,PAYS
A0081,account,T000664,transaction,HAS_TRANSACTION
A0037,account,T000665,transaction,HAS_TRANSACTION
C0021,customer,M0049,merchant,PAYS
A0021,account,T000666,transaction,HAS_TRANSACTION
C0032,customer,M0015,merchant,PAYS
A0032,account,T000667,transaction,HAS_TRANSACTION
C0009,customer,M0048,merchant,PAYS
A0009,account,T000668,transaction,HAS_TRANSACTION
C0014,customer,M0027,merchant,PAYS
A0014,account,T000669,transaction,HAS_TRANSACTION
C0066,customer,M0010,merchant,PAYS
A0066,account,T000670,transaction,HAS_TRANSACTION
C0118,customer,M0033,merchant,PAYS
A0118,account,T000671,transaction,HAS_TRANSACTION
C0107,customer,M0016,merchant,PAYS
A0107,account,T000672,transaction,HAS_TRANSACTION
C0050,customer,M0005,merchant,PAYS
A0050,account,T000673,transaction,HAS_TRANSACTION
C0013,customer,M0039,merchant,PAYS
A0013,account,T000674,transaction,HAS_TRANSACTION
C0123,customer,M0000,merchant,PAYS
A0123,account,T000675,transaction,HAS_TRANSACTION
C0077,customer,M0000,merchant,PAYS
A0077,account,T000676,transaction,HAS_TRANSACTION
C0007,customer,M0006,merchant,PAYS
A0007,account,T000677,transaction,HAS_TRANSACTION
C0002,customer,M0005,merchant,PAYS
A0002,account,T000678,transaction,HAS_TRANSACTION
C0038,customer,M0028,merchant,PAYS
A0038,account,T000679,transaction,HAS_TRANSACTION
C0098,customer,D0163,device,USES
C0098,customer,M0007,merchant,PAYS
A0098,account,T000680,transaction,HAS_TRANSACTION
C0059,customer,M0035,merchant,PAYS
A0059,account,T000681,transaction,HAS_TRANSACTION
C0124,customer,M0049,merchant,PAYS
A0124,account,T000682,transaction,HAS_TRANSACTION
C0027,customer,D0176,device,USES
C0027,customer,M0032,merchant,PAYS
A0027,account,T000683,transaction,HAS_TRANSACTION
C0003,customer,M0031,merchant,PAYS
A0003,account,T000684,transaction,HAS_TRANSACTION
C0042,customer,M0032,merchant,PAYS
A0042,account,T000685,transaction,HAS_TRANSACTION
C0009,customer,M0022,merchant,PAYS
A0009,account,T000686,transaction,HAS_TRANSACTION
C0048,customer,M0017,merchant,PAYS
A0048,account,T000687,transaction,HAS_TRANSACTION
C0068,customer,M0029,merchant,PAYS
A0068,account,T000688,transaction,HAS_TRANSACTION
C0099,customer,M0041,merchant,PAYS
A0099,account,T000689,transaction,HAS_TRANSACTION
A0096,account,T000690,transaction,HAS_TRANSACTION
A0010,account,T000691,transaction,HAS_TRANSACTION
A0039,account,T000692,transaction,HAS_TRANSACTION
C0122,customer,M0011,merchant,PAYS
A0122,account,T000693,transaction,HAS_TRANSACTION
C0036,customer,M0035,merchant,PAYS
A0036,account,T000694,transaction,HAS_TRANSACTION
C0009,customer,M0027,merchant,PAYS
A0009,account,T000695,transaction,HAS_TRANSACTION
C0039,customer,M0015,merchant,PAYS
A0039,account,T000696,transaction,HAS_TRANSACTION
C0095,customer,M0009,merchant,PAYS
A0095,account,T000697,transaction,HAS_TRANSACTION
C0023,customer,10.82.125.118,ip,CONNECTS_FROM
C0023,customer,M0042,merchant,PAYS
A0023,account,T000698,transaction,HAS_TRANSACTION
C0011,customer,M0043,merchant,PAYS
A0011,account,T000699,transaction,HAS_TRANSACTION
C0043,customer,10.250.25.184,ip,CONNECTS_FROM
C0043,customer,M0018,merchant,PAYS
A0043,account,T000700,transaction,HAS_TRANSACTION
C0052,customer,D0417,device,USES
C0052,customer,M0020,merchant,PAYS
A0052,account,T000701,transaction,HAS_TRANSACTION
C0029,customer,M0049,merchant,PAYS
A0029,account,T000702,transaction,HAS_TRANSACTION
C0044,customer,M0037,merchant,PAYS
A0044,account,T000703,transaction,HAS_TRANSACTION
C0028,customer,M0005,merchant,PAYS
A0028,account,T000704,transaction,HAS_TRANSACTION
C0100,customer,M0043,merchant,PAYS
A0100,account,T000705,transaction,HAS_TRANSACTION
C0094,customer,10.54.149.4,ip,CONNECTS_FROM
C0094,customer,M0047,merchant,PAYS
A0094,account,T000706,transaction,HAS_TRANSACTION
C0104,customer,M0017,merchant,PAYS
A0104,account,T000707,transaction,HAS_TRANSACTION
C0093,customer,M0044,merchant,PAYS
A0093,account,T000708,transaction,HAS_TRANSACTION
C0075,customer,M0041,merchant,PAYS
A0075,account,T000709,transaction,HAS_TRANSACTION
C0114,customer,M0052,merchant,PAYS
A0114,account,T000710,transaction,HAS_TRANSACTION
A0110,account,T000711,transaction,HAS_TRANSACTION
A0047,account,T000712,transaction,HAS_TRANSACTION
C0078,customer,D0078,device,USES
C0078,customer,M0007,merchant,PAYS
A0078,account,T000713,transaction,HAS_TRANSACTION
C0054,customer,M0021,merchant,PAYS
A0054,account,T000714,transaction,HAS_TRANSACTION
C0096,customer,D0147,device,USES
C0096,customer,M0030,merchant,PAYS
A0096,account,T000715,transaction,HAS_TRANSACTION
C0088,customer,M0054,merchant,PAYS
A0088,account,T000716,transaction,HAS_TRANSACTION
C0071,customer,M0003,merchant,PAYS
A0071,account,T000717,transaction,HAS_TRANSACTION
C0091,customer,M0004,merchant,PAYS
A0091,account,T000718,transaction,HAS_TRANSACTION
A0104,account,T000719,transaction,HAS_TRANSACTION
C0089,customer,M0028,merchant,PAYS
A0089,account,T000720,transaction,HAS_TRANSACTION
C0115,customer,M0026,merchant,PAYS
A0115,account,T000721,transaction,HAS_TRANSACTION
C0026,customer,M0040,merchant,PAYS
A0026,account,T000722,transaction,HAS_TRANSACTION
C0024,customer,D0490,device,USES
C0024,customer,M0018,merchant,PAYS
A0024,account,T000723,transaction,HAS_TRANSACTION
C0066,customer,M0020,merchant,PAYS
A0066,account,T000724,transaction,HAS_TRANSACTION
A0050,account,T000725,transaction,HAS_TRANSACTION
C0001,customer,M0021,merchant,PAYS
A0001,account,T000726,transaction,HAS_TRANSACTION
C0049,customer,M0021,merchant,PAYS
A0049,account,T000727,transaction,HAS_TRANSACTION
C0026,customer,M0039,merchant,PAYS
A0026,account,T000728,transaction,HAS_TRANSACTION
C0077,customer,M0026,merchant,PAYS
A0077,account,T000729,transaction,HAS_TRANSACTION
C0007,customer,M0018,merchant,PAYS
A0007,account,T000730,transaction,HAS_TRANSACTION
C0084,customer,D0293,device,USES
C0084,customer,M0021,merchant,PAYS
A0084,account,T000731,transaction,HAS_TRANSACTION
C0000,customer,10.223.81.204,ip,CONNECTS_FROM
A0000,account,T000732,transaction,HAS_TRANSACTION
C0123,customer,M0023,merchant,PAYS
A0123,account,T000733,transaction,HAS_TRANSACTION
C0052,customer,M0030,merchant,PAYS
A0052,account,T000734,transaction,HAS_TRANSACTION
C0026,customer,D0279,device,USES
C0026,customer,M0044,merchant,PAYS
A0026,account,T000735,transaction,HAS_TRANSACTION
C0024,customer,M0043,merchant,PAYS
A0024,account,T000736,transaction,HAS_TRANSACTION
C0024,customer,M0040,merchant,PAYS
A0024,account,T000737,transaction,HAS_TRANSACTION
C0014,customer,M0024,merchant,PAYS
A0014,account,T000738,transaction,HAS_TRANSACTION
C0050,customer,M0019,merchant,PAYS
A0050,account,T000739,transaction,HAS_TRANSACTION
C0038,customer,D0477,device,USES
C0038,customer,M0038,merchant,PAYS
A0038,account,T000740,transaction,HAS_TRANSACTION
C0122,customer,M0049,merchant,PAYS
A0122,account,T000741,transaction,HAS_TRANSACTION
C0122,customer,M0033,merchant,PAYS
A0122,account,T000742,transaction,HAS_TRANSACTION
C0026,customer,M0005,merchant,PAYS
A0026,account,T000743,transaction,HAS_TRANSACTION
A0123,account,T000744,transaction,HAS_TRANSACTION
C0046,customer,M0036,merchant,PAYS
A0046,account,T000745,transaction,HAS_TRANSACTION
C0105,customer,M0043,merchant,PAYS
A0105,account,T000746,transaction,HAS_TRANSACTION
A0006,account,T000747,transaction,HAS_TRANSACTION
C0070,customer,M0037,merchant,PAYS
A0070,account,T000748,transaction,HAS_TRANSACTION
C0105,customer,M0039,merchant,PAYS
A0105,account,T000749,transaction,HAS_TRANSACTION
C0010,customer,D0088,device,USES
C0010,customer,M0051,merchant,PAYS
A0010,account,T000750,transaction,HAS_TRANSACTION
C0016,customer,10.211.163.175,ip,CONNECTS_FROM
C0016,customer,M0004,merchant,PAYS
A0016,account,T000751,transaction,HAS_TRANSACTION
C0082,customer,M0001,merchant,PAYS
A0082,account,T000752,transaction,HAS_TRANSACTION
C0069,customer,D0069,device,USES
C0069,customer,M0015,merchant,PAYS
A0069,account,T000753,transaction,HAS_TRANSACTION
C0057,customer,M0053,merchant,PAYS
A0057,account,T000754,transaction,HAS_TRANSACTION
C0017,customer,M0023,merchant,PAYS
A0017,account,T000755,transaction,HAS_TRANSACTION
C0121,customer,D0244,device,USES
C0121,customer,M0027,merchant,PAYS
A0121,account,T000756,transaction,HAS_TRANSACTION
C0002,customer,M0004,merchant,PAYS
A0002,account,T000757,transaction,HAS_TRANSACTION
C0111,customer,M0021,merchant,PAYS
A0111,account,T000758,transaction,HAS_TRANSACTION
C0112,customer,M0045,merchant,PAYS
A0112,account,T000759,transaction,HAS_TRANSACTION
C0109,customer,M0029,merchant,PAYS
A0109,account,T000760,transaction,HAS_TRANSACTION
C0043,customer,D0102,device,USES
C0043,customer,M0012,merchant,PAYS
A0043,account,T000761,transaction,HAS_TRANSACTION
C0113,customer,M0014,merchant,PAYS
A0113,account,T000762,transaction,HAS_TRANSACTION
C0039,customer,M0017,merchant,PAYS
A0039,account,T000763,transaction,HAS_TRANSACTION
C0119,customer,M0016,merchant,PAYS
A0119,account,T000764,transaction,HAS_TRANSACTION
C0055,customer,M0011,merchant,PAYS
A0055,account,T000765,transaction,HAS_TRANSACTION
C0062,customer,D0270,device,USES
A0062,account,T000766,transaction,HAS_TRANSACTION
C0089,customer,M0026,merchant,PAYS
A0089,account,T000767,transaction,HAS_TRANSACTION
C0106,customer,M0039,merchant,PAYS
A0106,account,T000768,transaction,HAS_TRANSACTION
C0061,customer,M0040,merchant,PAYS
A0061,account,T000769,transaction,HAS_TRANSACTION
C0044,customer,M0032,merchant,PAYS
A0044,account,T000770,transaction,HAS_TRANSACTION
C0116,customer,M0042,merchant,PAYS
A0116,account,T000771,transaction,HAS_TRANSACTION
C0065,customer,M0029,merchant,PAYS
A0065,account,T000772,transaction,HAS_TRANSACTION
A0007,account,T000773,transaction,HAS_TRANSACTION
C0002,customer,M0029,merchant,PAYS
A0002,account,T000774,transaction,HAS_TRANSACTION
C0045,customer,10.113.172.216,ip,CONNECTS_FROM
C0045,customer,M0034,merchant,PAYS
A0045,account,T000775,transaction,HAS_TRANSACTION
C0007,customer,M0036,merchant,PAYS
A0007,account,T000776,transaction,HAS_TRANSACTION
C0043,customer,M0042,merchant,PAYS
A0043,account,T000777,transaction,HAS_TRANSACTION
C0013,customer,M0052,merchant,PAYS
A0013,account,T000778,transaction,HAS_TRANSACTION
C0033,customer,10.122.140.230,ip,CONNECTS_FROM
C0033,customer,M0025,merchant,PAYS
A0033,account,T000779,transaction,HAS_TRANSACTION
C0071,customer,M0036,merchant,PAYS
A0071,account,T000780,transaction,HAS_TRANSACTION
C0106,customer,M0002,merchant,PAYS
A0106,account,T000781,transaction,HAS_TRANSACTION
C0016,customer,10.231.155.20,ip,CONNECTS_FROM
A0016,account,T000782,transaction,HAS_TRANSACTION
C0003,customer,M0008,merchant,PAYS
A0003,account,T000783,transaction,HAS_TRANSACTION
C0018,customer,M0049,merchant,PAYS
A0018,account,T000784,transaction,HAS_TRANSACTION
C0110,customer,M0001,merchant,PAYS
A0110,account,T000785,transaction,HAS_TRANSACTION
C0002,customer,M0043,merchant,PAYS
A0002,account,T000786,transaction,HAS_TRANSACTION
C0034,customer,M0010,merchant,PAYS
A0034,account,T000787,transaction,HAS_TRANSACTION
C0084,customer,10.36.137.230,ip,CONNECTS_FROM
C0084,customer,M0052,merchant,PAYS
A0084,account,T000788,transaction,HAS_TRANSACTION
C0078,customer,M0031,merchant,PAYS
A0078,account,T000789,transaction,HAS_TRANSACTION
C0003,customer,M0013,merchant,PAYS
A0003,account,T000790,transaction,HAS_TRANSACTION
C0087,customer,D0087,device,USES
C0087,customer,M0026,merchant,PAYS
A0087,account,T000791,transaction,HAS_TRANSACTION
C0054,customer,D0275,device,USES
C0054,customer,M0038,merchant,PAYS
A0054,account,T000792,transaction,HAS_TRANSACTION
C0052,customer,D0316,device,USES
C0052,customer,M0043,merchant,PAYS
A0052,account,T000793,transaction,HAS_TRANSACTION
C0070,customer,D0481,device,USES
C0070,customer,10.168.171.144,ip,CONNECTS_FROM
C0070,customer,M0024,merchant,PAYS
A0070,account,T000794,transaction,HAS_TRANSACTION
C0062,customer,M0004,merchant,PAYS
A0062,account,T000795,transaction,HAS_TRANSACTION
C0038,customer,M0052,merchant,PAYS
A0038,account,T000796,transaction,HAS_TRANSACTION
C0096,customer,M0028,merchant,PAYS
A0096,account,T000797,transaction,HAS_TRANSACTION
C0053,customer,M0012,merchant,PAYS
A0053,account,T000798,transaction,HAS_TRANSACTION
A0032,account,T000799,transaction,HAS_TRANSACTION
C0106,customer,M0024,merchant,PAYS
A0106,account,T000800,transaction,HAS_TRANSACTION
C0011,customer,M0050,merchant,PAYS
A0011,account,T000801,transaction,HAS_TRANSACTION
C0080,customer,M0010,merchant,PAYS
A0080,account,T000802,transaction,HAS_TRANSACTION
C0066,customer,M0001,merchant,PAYS
A0066,account,T000803,transaction,HAS_TRANSACTION
C0079,customer,10.240.176.112,ip,CONNECTS_FROM
C0079,customer,M0002,merchant,PAYS
A0079,account,T000804,transaction,HAS_TRANSACTION
C0085,customer,M0028,merchant,PAYS
A0085,account,T000805,transaction,HAS_TRANSACTION
C0031,customer,M0037,merchant,PAYS
A0031,account,T000806,transaction,HAS_TRANSACTION
C0100,customer,M0022,merchant,PAYS
A0100,account,T000807,transaction,HAS_TRANSACTION
C0024,customer,M0037,merchant,PAYS
A0024,account,T000808,transaction,HAS_TRANSACTION
C0003,customer,M0030,merchant,PAYS
A0003,account,T000809,transaction,HAS_TRANSACTION
C0121,customer,M0023,merchant,PAYS
A0121,account,T000810,transaction,HAS_TRANSACTION
C0050,customer,D0402,device,USES
A0050,account,T000811,transaction,HAS_TRANSACTION
C0031,customer,M0022,merchant,PAYS
A0031,account,T000812,transaction,HAS_TRANSACTION
C0014,customer,M0014,merchant,PAYS
A0014,account,T000813,transaction,HAS_TRANSACTION
C0099,customer,M0043,merchant,PAYS
A0099,account,T000814,transaction,HAS_TRANSACTION
A0015,account,T000815,transaction,HAS_TRANSACTION
A0005,account,T000816,transaction,HAS_TRANSACTION
C0034,customer,M0019,merchant,PAYS
A0034,account,T000817,transaction,HAS_TRANSACTION
C0082,customer,M0049,merchant,PAYS
A0082,account,T000818,transaction,HAS_TRANSACTION
C0107,customer,10.78.100.169,ip,CONNECTS_FROM
C0107,customer,M0027,merchant,PAYS
A0107,account,T000819,transaction,HAS_TRANSACTION
C0019,customer,M0023,merchant,PAYS
A0019,account,T000820,transaction,HAS_TRANSACTION
C0102,customer,M0051,merchant,PAYS
A0102,account,T000821,transaction,HAS_TRANSACTION
C0024,customer,M0016,merchant,PAYS
A0024,account,T000822,transaction,HAS_TRANSACTION
C0077,customer,M0004,merchant,PAYS
A0077,account,T000823,transaction,HAS_TRANSACTION
C0063,customer,D0298,device,USES
C0063,customer,M0048,merchant,PAYS
A0063,account,T000824,transaction,HAS_TRANSACTION
C0004,customer,M0023,merchant,PAYS
A0004,account,T000825,transaction,HAS_TRANSACTION
C0035,customer,M0037,merchant,PAYS
A0035,account,T000826,transaction,HAS_TRANSACTION
C0026,customer,M0037,merchant,PAYS
A0026,account,T000827,transaction,HAS_TRANSACTION
C0085,customer,D0199,device,USES
C0085,customer,10.154.196.192,ip,CONNECTS_FROM
C0085,customer,M0011,merchant,PAYS
A0085,account,T000828,transaction,HAS_TRANSACTION
C0107,customer,M0028,merchant,PAYS
A0107,account,T000829,transaction,HAS_TRANSACTION
C0083,customer,D0476,device,USES
C0083,customer,M0022,merchant,PAYS
A0083,account,T000830,transaction,HAS_TRANSACTION
C0050,customer,D0420,device,USES
A0050,account,T000831,transaction,HAS_TRANSACTION
C0022,customer,M0031,merchant,PAYS
A0022,account,T000832,transaction,HAS_TRANSACTION
C0089,customer,D0193,device,USES
C0089,customer,M0000,merchant,PAYS
A0089,account,T000833,transaction,HAS_TRANSACTION
C0087,customer,M0047,merchant,PAYS
A0087,account,T000834,transaction,HAS_TRANSACTION
C0105,customer,M0012,merchant,PAYS
A0105,account,T000835,transaction,HAS_TRANSACTION
C0119,customer,D0454,device,USES
C0119,customer,M0001,merchant,PAYS
A0119,account,T000836,transaction,HAS_TRANSACTION
C0019,customer,10.60.95.40,ip,CONNECTS_FROM
C0019,customer,M0007,merchant,PAYS
A0019,account,T000837,transaction,HAS_TRANSACTION
C0053,customer,10.25.125.192,ip,CONNECTS_FROM
C0053,customer,M0000,merchant,PAYS
A0053,account,T000838,transaction,HAS_TRANSACTION
C0026,customer,M0045,merchant,PAYS
A0026,account,T000839,transaction,HAS_TRANSACTION
C0012,customer,10.112.12.4,ip,CONNECTS_FROM
C0012,customer,M0024,merchant,PAYS
A0012,account,T000840,transaction,HAS_TRANSACTION
C0091,customer,M0009,merchant,PAYS
A0091,account,T000841,transaction,HAS_TRANSACTION
C0075,customer,10.43.185.237,ip,CONNECTS_FROM
C0075,customer,M0006,merchant,PAYS
A0075,account,T000842,transaction,HAS_TRANSACTION
C0049,customer,M0010,merchant,PAYS
A0049,account,T000843,transaction,HAS_TRANSACTION
C0087,customer,M0000,merchant,PAYS
A0087,account,T000844,transaction,HAS_TRANSACTION
C0010,customer,M0016,merchant,PAYS
A0010,account,T000845,transaction,HAS_TRANSACTION
C0115,customer,M0014,merchant,PAYS
A0115,account,T000846,transaction,HAS_TRANSACTION
C0110,customer,M0041,merchant,PAYS
A0110,account,T000847,transaction,HAS_TRANSACTION
C0038,customer,M0030,merchant,PAYS
A0038,account,T000848,transaction,HAS_TRANSACTION
C0029,customer,M0037,merchant,PAYS
A0029,account,T000849,transaction,HAS_TRANSACTION
C0120,customer,M0041,merchant,PAYS
A0120,account,T000850,transaction,HAS_TRANSACTION
A0077,account,T000851,transaction,HAS_TRANSACTION
C0057,customer,10.114.216.66,ip,CONNECTS_FROM
C0057,customer,M0038,merchant,PAYS
A0057,account,T000852,transaction,HAS_TRANSACTION
C0105,customer,10.162.192.170,ip,CONNECTS_FROM
A0105,account,T000853,transaction,HAS_TRANSACTION
C0015,customer,M0018,merchant,PAYS
A0015,account,T000854,transaction,HAS_TRANSACTION
C0019,customer,M0029,merchant,PAYS
A0019,account,T000855,transaction,HAS_TRANSACTION
C0123,customer,M0050,merchant,PAYS
A0123,account,T000856,transaction,HAS_TRANSACTION
C0045,customer,M0021,merchant,PAYS
A0045,account,T000857,transaction,HAS_TRANSACTION
C0091,customer,M0033,merchant,PAYS
A0091,account,T000858,transaction,HAS_TRANSACTION
C0093,customer,10.211.155.238,ip,CONNECTS_FROM
C0093,customer,M0053,merchant,PAYS
A0093,account,T000859,transaction,HAS_TRANSACTION
C0040,customer,M0046,merchant,PAYS
A0040,account,T000860,transaction,HAS_TRANSACTION
C0008,customer,M0034,merchant,PAYS
A0008,account,T000861,transaction,HAS_TRANSACTION
C0122,customer,M0040,merchant,PAYS
A0122,account,T000862,transaction,HAS_TRANSACTION
C0034,customer,M0012,merchant,PAYS
A0034,account,T000863,transaction,HAS_TRANSACTION
C0086,customer,D0412,device,USES
C0086,customer,M0049,merchant,PAYS
A0086,account,T000864,transaction,HAS_TRANSACTION
C0068,customer,M0053,merchant,PAYS
A0068,account,T000865,transaction,HAS_TRANSACTION
C0094,customer,M0011,merchant,PAYS
A0094,account,T000866,transaction,HAS_TRANSACTION
C0010,customer,M0006,merchant,PAYS
A0010,account,T000867,transaction,HAS_TRANSACTION
C0070,customer,M0016,merchant,PAYS
A0070,account,T000868,transaction,HAS_TRANSACTION
C0051,customer,M0048,merchant,PAYS
A0051,account,T000869,transaction,HAS_TRANSACTION
C0111,customer,D0249,device,USES
C0111,customer,M0026,merchant,PAYS
A0111,account,T000870,transaction,HAS_TRANSACTION
C0094,customer,M0015,merchant,PAYS
A0094,account,T000871,transaction,HAS_TRANSACTION
C0024,customer,M0006,merchant,PAYS
A0024,account,T000872,transaction,HAS_TRANSACTION
A0016,account,T000873,transaction,HAS_TRANSACTION
C0000,customer,10.138.225.203,ip,CONNECTS_FROM
C0000,customer,M0027,merchant,PAYS
A0000,account,T000874,transaction,HAS_TRANSACTION
C0116,customer,M0037,merchant,PAYS
A0116,account,T000875,transaction,HAS_TRANSACTION
C0037,customer,D0044,device,USES
C0037,customer,M0018,merchant,PAYS
A0037,account,T000876,transaction,HAS_TRANSACTION
C0081,customer,M0030,merchant,PAYS
A0081,account,T000877,transaction,HAS_TRANSACTION
C0056,customer,M0048,merchant,PAYS
A0056,account,T000878,transaction,HAS_TRANSACTION
C0021,customer,M0047,merchant,PAYS
A0021,account,T000879,transaction,HAS_TRANSACTION
C0013,customer,M0053,merchant,PAYS
A0013,account,T000880,transaction,HAS_TRANSACTION
C0111,customer,D0237,device,USES
C0111,customer,M0036,merchant,PAYS
A0111,account,T000881,transaction,HAS_TRANSACTION
C0048,customer,M0044,merchant,PAYS
A0048,account,T000882,transaction,HAS_TRANSACTION
C0028,customer,M0001,merchant,PAYS
A0028,account,T000883,transaction,HAS_TRANSACTION
C0096,customer,M0006,merchant,PAYS
A0096,account,T000884,transaction,HAS_TRANSACTION
C0112,customer,M0033,merchant,PAYS
A0112,account,T000885,transaction,HAS_TRANSACTION
C0097,customer,M0015,merchant,PAYS
A0097,account,T000886,transaction,HAS_TRANSACTION
C0035,customer,D0264,device,USES
C0035,customer,M0030,merchant,PAYS
A0035,account,T000887,transaction,HAS_TRANSACTION
C0013,customer,D0245,device,USES
A0013,account,T000888,transaction,HAS_TRANSACTION
C0074,customer,10.164.5.188,ip,CONNECTS_FROM
C0074,customer,M0034,merchant,PAYS
A0074,account,T000889,transaction,HAS_TRANSACTION
C0008,customer,10.47.215.87,ip,CONNECTS_FROM
C0008,customer,M0027,merchant,PAYS
A0008,account,T000890,transaction,HAS_TRANSACTION
C0082,customer,M0012,merchant,PAYS
A0082,account,T000891,transaction,HAS_TRANSACTION
C0113,customer,M0048,merchant,PAYS
A0113,account,T000892,transaction,HAS_TRANSACTION
C0112,customer,M0039,merchant,PAYS
A0112,account,T000893,transaction,HAS_TRANSACTION
C0084,customer,M0001,merchant,PAYS
A0084,account,T000894,transaction,HAS_TRANSACTION
C0000,customer,M0026,merchant,PAYS
A0000,account,T000895,transaction,HAS_TRANSACTION
C0108,customer,M0045,merchant,PAYS
A0108,account,T000896,transaction,HAS_TRANSACTION
C0025,customer,M0053,merchant,PAYS
A0025,account,T000897,transaction,HAS_TRANSACTION
C0023,customer,M0052,merchant,PAYS
A0023,account,T000898,transaction,HAS_TRANSACTION
C0010,customer,M0037,merchant,PAYS
A0010,account,T000899,transaction,HAS_TRANSACTION
C0103,customer,M0047,merchant,PAYS
A0103,account,T000900,transaction,HAS_TRANSACTION
C0032,customer,M0054,merchant,PAYS
A0032,account,T000901,transaction,HAS_TRANSACTION
C0047,customer,M0017,merchant,PAYS
A0047,account,T000902,transaction,HAS_TRANSACTION
C0042,customer,M0023,merchant,PAYS
A0042,account,T000903,transaction,HAS_TRANSACTION
C0115,customer,M0016,merchant,PAYS
A0115,account,T000904,transaction,HAS_TRANSACTION
C0056,customer,M0010,merchant,PAYS
A0056,account,T000905,transaction,HAS_TRANSACTION
C0016,customer,M0007,merchant,PAYS
A0016,account,T000906,transaction,HAS_TRANSACTION
C0103,customer,M0005,merchant,PAYS
A0103,account,T000907,transaction,HAS_TRANSACTION
C0028,customer,M0038,merchant,PAYS
A0028,account,T000908,transaction,HAS_TRANSACTION
C0075,customer,M0001,merchant,PAYS
A0075,account,T000909,transaction,HAS_TRANSACTION
A0003,account,T000910,transaction,HAS_TRANSACTION
C0063,customer,M0052,merchant,PAYS
A0063,account,T000911,transaction,HAS_TRANSACTION
A0119,account,T000912,transaction,HAS_TRANSACTION
C0082,customer,M0038,merchant,PAYS
A0082,account,T000913,transaction,HAS_TRANSACTION
C0056,customer,M0022,merchant,PAYS
A0056,account,T000914,transaction,HAS_TRANSACTION
C0049,customer,M0036,merchant,PAYS
A0049,account,T000915,transaction,HAS_TRANSACTION
C0123,customer,10.142.173.126,ip,CONNECTS_FROM
C0123,customer,M0041,merchant,PAYS
A0123,account,T000916,transaction,HAS_TRANSACTION
C0099,customer,M0031,merchant,PAYS
A0099,account,T000917,transaction,HAS_TRANSACTION
C0010,customer,M0012,merchant,PAYS
A0010,account,T000918,transaction,HAS_TRANSACTION
C0059,customer,M0026,merchant,PAYS
A0059,account,T000919,transaction,HAS_TRANSACTION
C0026,customer,M0050,merchant,PAYS
A0026,account,T000920,transaction,HAS_TRANSACTION
C0073,customer,M0030,merchant,PAYS
A0073,account,T000921,transaction,HAS_TRANSACTION
C0094,customer,M0035,merchant,PAYS
A0094,account,T000922,transaction,HAS_TRANSACTION
C0118,customer,M0046,merchant,PAYS
A0118,account,T000923,transaction,HAS_TRANSACTION
C0071,customer,M0038,merchant,PAYS
A0071,account,T000924,transaction,HAS_TRANSACTION
C0101,customer,D0136,device,USES
C0101,customer,M0021,merchant,PAYS
A0101,account,T000925,transaction,HAS_TRANSACTION
C0023,customer,M0011,merchant,PAYS
A0023,account,T000926,transaction,HAS_TRANSACTION
C0008,customer,M0035,merchant,PAYS
A0008,account,T000927,transaction,HAS_TRANSACTION
C0096,customer,M0033,merchant,PAYS
A0096,account,T000928,transaction,HAS_TRANSACTION
A0014,account,T000929,transaction,HAS_TRANSACTION
C0027,customer,M0030,merchant,PAYS
A0027,account,T000930,transaction,HAS_TRANSACTION
C0022,customer,D0391,device,USES
C0022,customer,M0022,merchant,PAYS
A0022,account,T000931,transaction,HAS_TRANSACTION
C0046,customer,M0014,merchant,PAYS
A0046,account,T000932,transaction,HAS_TRANSACTION
C0093,customer,M0037,merchant,PAYS
A0093,account,T000933,transaction,HAS_TRANSACTION
C0088,customer,M0019,merchant,PAYS
A0088,account,T000934,transaction,HAS_TRANSACTION
C0027,customer,D0331,device,USES
C0027,customer,M0016,merchant,PAYS
A0027,account,T000935,transaction,HAS_TRANSACTION
C0113,customer,M0039,merchant,PAYS
A0113,account,T000936,transaction,HAS_TRANSACTION
A0059,account,T000937,transaction,HAS_TRANSACTION
C0081,customer,M0020,merchant,PAYS
A0081,account,T000938,transaction,HAS_TRANSACTION
C0048,customer,M0001,merchant,PAYS
A0048,account,T000939,transaction,HAS_TRANSACTION
C0066,customer,M0053,merchant,PAYS
A0066,account,T000940,transaction,HAS_TRANSACTION
C0019,customer,M0002,merchant,PAYS
A0019,account,T000941,transaction,HAS_TRANSACTION
C0098,customer,M0035,merchant,PAYS
A0098,account,T000942,transaction,HAS_TRANSACTION
C0014,customer,M0037,merchant,PAYS
A0014,account,T000943,transaction,HAS_TRANSACTION
C0105,customer,M0028,merchant,PAYS
A0105,account,T000944,transaction,HAS_TRANSACTION
A0025,account,T000945,transaction,HAS_TRANSACTION
C0039,customer,D0231,device,USES
C0039,customer,M0019,merchant,PAYS
A0039,account,T000946,transaction,HAS_TRANSACTION
C0045,customer,M0022,merchant,PAYS
A0045,account,T000947,transaction,HAS_TRANSACTION
C0072,customer,10.133.162.52,ip,CONNECTS_FROM
A0072,account,T000948,transaction,HAS_TRANSACTION
C0114,customer,M0014,merchant,PAYS
A0114,account,T000949,transaction,HAS_TRANSACTION
C0008,customer,M0031,merchant,PAYS
A0008,account,T000950,transaction,HAS_TRANSACTION
C0099,customer,M0025,merchant,PAYS
A0099,account,T000951,transaction,HAS_TRANSACTION
C0102,customer,M0021,merchant,PAYS
A0102,account,T000952,transaction,HAS_TRANSACTION
C0014,customer,D0193,device,USES
C0014,customer,M0028,merchant,PAYS
A0014,account,T000953,transaction,HAS_TRANSACTION
C0091,customer,M0037,merchant,PAYS
A0091,account,T000954,transaction,HAS_TRANSACTION
C0050,customer,M0046,merchant,PAYS
A0050,account,T000955,transaction,HAS_TRANSACTION
C0109,customer,D0347,device,USES
C0109,customer,M0014,merchant,PAYS
A0109,account,T000956,transaction,HAS_TRANSACTION
C0091,customer,M0006,merchant,PAYS
A0091,account,T000957,transaction,HAS_TRANSACTION
C0003,customer,M0054,merchant,PAYS
A0003,account,T000958,transaction,HAS_TRANSACTION
C0015,customer,10.88.186.120,ip,CONNECTS_FROM
C0015,customer,M0050,merchant,PAYS
A0015,account,T000959,transaction,HAS_TRANSACTION
A0050,account,T000960,transaction,HAS_TRANSACTION
C0090,customer,M0016,merchant,PAYS
A0090,account,T000961,transaction,HAS_TRANSACTION
C0060,customer,A0060,account,OWNS
C0060,customer,D0060,device,USES
C0060,customer,10.61.21.181,ip,CONNECTS_FROM
C0060,customer,M0034,merchant,PAYS
A0060,account,T000962,transaction,HAS_TRANSACTION
C0060,customer,M0041,merchant,PAYS
A0060,account,T000963,transaction,HAS_TRANSACTION
C0032,customer,M0016,merchant,PAYS
A0032,account,T000964,transaction,HAS_TRANSACTION
C0055,customer,M0051,merchant,PAYS
A0055,account,T000965,transaction,HAS_TRANSACTION
C0087,customer,M0007,merchant,PAYS
A0087,account,T000966,transaction,HAS_TRANSACTION
C0020,customer,M0002,merchant,PAYS
A0020,account,T000967,transaction,HAS_TRANSACTION
C0097,customer,M0042,merchant,PAYS
A0097,account,T000968,transaction,HAS_TRANSACTION
C0013,customer,M0030,merchant,PAYS
A0013,account,T000969,transaction,HAS_TRANSACTION
C0118,customer,M0020,merchant,PAYS
A0118,account,T000970,transaction,HAS_TRANSACTION
C0103,customer,D0135,device,USES
A0103,account,T000971,transaction,HAS_TRANSACTION
C0106,customer,M0026,merchant,PAYS
A0106,account,T000972,transaction,HAS_TRANSACTION
C0012,customer,M0009,merchant,PAYS
A0012,account,T000973,transaction,HAS_TRANSACTION
A0055,account,T000974,transaction,HAS_TRANSACTION
A0009,account,T000975,transaction,HAS_TRANSACTION
C0081,customer,M0046,merchant,PAYS
A0081,account,T000976,transaction,HAS_TRANSACTION
C0069,customer,M0018,merchant,PAYS
A0069,account,T000977,transaction,HAS_TRANSACTION
C0117,customer,M0006,merchant,PAYS
A0117,account,T000978,transaction,HAS_TRANSACTION
C0093,customer,M0029,merchant,PAYS
A0093,account,T000979,transaction,HAS_TRANSACTION
C0047,customer,M0030,merchant,PAYS
A0047,account,T000980,transaction,HAS_TRANSACTION
A0000,account,T000981,transaction,HAS_TRANSACTION
C0097,customer,M0009,merchant,PAYS
A0097,account,T000982,transaction,HAS_TRANSACTION
C0092,customer,M0015,merchant,PAYS
A0092,account,T000983,transaction,HAS_TRANSACTION
C0102,customer,D0489,device,USES
C0102,customer,M0004,merchant,PAYS
A0102,account,T000984,transaction,HAS_TRANSACTION
C0124,customer,M0019,merchant,PAYS
A0124,account,T000985,transaction,HAS_TRANSACTION
C0108,customer,M0048,merchant,PAYS
A0108,account,T000986,transaction,HAS_TRANSACTION
C0026,customer,M0043,merchant,PAYS
A0026,account,T000987,transaction,HAS_TRANSACTION
C0065,customer,M0039,merchant,PAYS
A0065,account,T000988,transaction,HAS_TRANSACTION
C0006,customer,M0035,merchant,PAYS
A0006,account,T000989,transaction,HAS_TRANSACTION
A0050,account,T000990,transaction,HAS_TRANSACTION
C0062,customer,M0010,merchant,PAYS
A0062,account,T000991,transaction,HAS_TRANSACTION
C0022,customer,M0026,merchant,PAYS
A0022,account,T000992,transaction,HAS_TRANSACTION
C0047,customer,M0025,merchant,PAYS
A0047,account,T000993,transaction,HAS_TRANSACTION
C0096,customer,M0032,merchant,PAYS
A0096,account,T000994,transaction,HAS_TRANSACTION
C0029,customer,M0036,merchant,PAYS
A0029,account,T000995,transaction,HAS_TRANSACTION
C0045,customer,M0039,merchant,PAYS
A0045,account,T000996,transaction,HAS_TRANSACTION
C0079,customer,M0007,merchant,PAYS
A0079,account,T000997,transaction,HAS_TRANSACTION
C0052,customer,M0032,merchant,PAYS
A0052,account,T000998,transaction,HAS_TRANSACTION
C0086,customer,M0047,merchant,PAYS
A0086,account,T000999,transaction,HAS_TRANSACTION
